timestamp,uid,name,currentfill,freespace,maxspace
2026-08-31 06:14:23,BADI-1,Enge,0,420,420
2026-08-31 06:14:23,flb6939,Flussbad Oberer Letten,0,1200,1200
2026-08-31 06:14:23,flb6940,Flussbad Unterer Letten,0,800,800
2026-08-31 06:14:23,flb8803,Flussbad Unterer Letten (Flussteil),0,800,800
2026-08-31 06:14:23,flb6941,Frauenbad Stadthausquai,0,350,350
2026-08-31 06:14:23,fb006,Freibad Allenmoos,0,7500,7500
2026-08-31 06:14:23,fb008,Freibad Auhof,0,2001,2001
2026-08-31 06:14:23,fb012,Freibad Heuried,0,2600,2600
2026-08-31 06:14:23,LETZI-1,Freibad Letzigraben,0,3800,3800
2026-08-31 06:14:23,SSD-11,Freibad Seebach,0,2000,2000
2026-08-31 06:14:23,fb018,Freibad Zwischen den Hölzern,0,2000,2000
2026-08-31 06:14:23,SSD-2,Hallenbad Blaesi,0,70,70
2026-08-31 06:14:23,SSD-3,Hallenbad Bungertwies,0,28,28
2026-08-31 06:14:23,SSD-4,Hallenbad City,28,192,220
2026-08-31 06:14:23,SSD-6,Hallenbad Leimbach,9,71,80
2026-08-31 06:14:23,SSD-7,Hallenbad Oerlikon,36,164,200
2026-08-31 06:14:23,SSD-10,Seebad Utoquai,0,800,800
2026-08-31 06:14:23,seb6946,Strandbad Mythenquai,0,4500,4500
2026-08-31 06:14:23,seb6947,Strandbad Tiefenbrunnen,0,3500,3500
2026-08-31 06:14:23,seb6948,Strandbad Wollishofen,0,700,700
2026-08-31 06:14:23,SSD-5,Waermebad Kaeferberg,0,70,70
2026-08-31 06:15:09,BADI-1,Enge,0,420,420
2026-08-31 06:15:09,flb6939,Flussbad Oberer Letten,0,1200,1200
2026-08-31 06:15:09,flb6940,Flussbad Unterer Letten,0,800,800
2026-08-31 06:15:09,flb8803,Flussbad Unterer Letten (Flussteil),0,800,800
2026-08-31 06:15:09,flb6941,Frauenbad Stadthausquai,0,350,350
2026-08-31 06:15:09,fb006,Freibad Allenmoos,0,7500,7500
2026-08-31 06:15:09,fb008,Freibad Auhof,0,2001,2001
2026-08-31 06:15:09,fb012,Freibad Heuried,0,2600,2600
2026-08-31 06:15:09,LETZI-1,Freibad Letzigraben,0,3800,3800
2026-08-31 06:15:09,SSD-11,Freibad Seebach,0,2000,2000
2026-08-31 06:15:09,fb018,Freibad Zwischen den Hölzern,0,2000,2000
2026-08-31 06:15:09,SSD-2,Hallenbad Blaesi,0,70,70
2026-08-31 06:15:09,SSD-3,Hallenbad Bungertwies,0,28,28
2026-08-31 06:15:09,SSD-4,Hallenbad City,28,192,220
2026-08-31 06:15:09,SSD-6,Hallenbad Leimbach,9,71,80
2026-08-31 06:15:09,SSD-7,Hallenbad Oerlikon,36,164,200
2026-08-31 06:15:09,SSD-10,Seebad Utoquai,0,800,800
2026-08-31 06:15:09,seb6946,Strandbad Mythenquai,0,4500,4500
2026-08-31 06:15:09,seb6947,Strandbad Tiefenbrunnen,0,3500,3500
2026-08-31 06:15:09,seb6948,Strandbad Wollishofen,0,700,700
2026-08-31 06:15:09,SSD-5,Waermebad Kaeferberg,0,70,70
2026-08-31 06:29:31,BADI-1,Enge,1,419,420
2026-08-31 06:29:31,flb6939,Flussbad Oberer Letten,0,1200,1200
2026-08-31 06:29:31,flb6940,Flussbad Unterer Letten,0,800,800
2026-08-31 06:29:31,flb8803,Flussbad Unterer Letten (Flussteil),0,800,800
2026-08-31 06:29:31,flb6941,Frauenbad Stadthausquai,0,350,350
2026-08-31 06:29:31,fb006,Freibad Allenmoos,0,7500,7500
2026-08-31 06:29:31,fb008,Freibad Auhof,0,2001,2001
2026-08-31 06:29:31,fb012,Freibad Heuried,0,2600,2600
2026-08-31 06:29:31,LETZI-1,Freibad Letzigraben,0,3800,3800
2026-08-31 06:29:31,SSD-11,Freibad Seebach,0,2000,2000
2026-08-31 06:29:31,fb018,Freibad Zwischen den Hölzern,0,2000,2000
2026-08-31 06:29:31,SSD-2,Hallenbad Blaesi,0,70,70
2026-08-31 06:29:31,SSD-3,Hallenbad Bungertwies,0,28,28
2026-08-31 06:29:31,SSD-4,Hallenbad City,34,186,220
2026-08-31 06:29:31,SSD-6,Hallenbad Leimbach,11,69,80
2026-08-31 06:29:31,SSD-7,Hallenbad Oerlikon,41,159,200
2026-08-31 06:29:31,SSD-10,Seebad Utoquai,1,799,800
2026-08-31 06:29:31,seb6946,Strandbad Mythenquai,0,4500,4500
2026-08-31 06:29:31,seb6947,Strandbad Tiefenbrunnen,0,3500,3500
2026-08-31 06:29:31,seb6948,Strandbad Wollishofen,0,700,700
2026-08-31 06:29:31,SSD-5,Waermebad Kaeferberg,0,70,70
2026-08-31 06:30:07,BADI-1,Enge,1,419,420
2026-08-31 06:30:07,flb6939,Flussbad Oberer Letten,0,1200,1200
2026-08-31 06:30:07,flb6940,Flussbad Unterer Letten,0,800,800
2026-08-31 06:30:07,flb8803,Flussbad Unterer Letten (Flussteil),0,800,800
2026-08-31 06:30:07,flb6941,Frauenbad Stadthausquai,0,350,350
2026-08-31 06:30:07,fb006,Freibad Allenmoos,0,7500,7500
2026-08-31 06:30:07,fb008,Freibad Auhof,0,2001,2001
2026-08-31 06:30:07,fb012,Freibad Heuried,0,2600,2600
2026-08-31 06:30:07,LETZI-1,Freibad Letzigraben,0,3800,3800
2026-08-31 06:30:07,SSD-11,Freibad Seebach,0,2000,2000
2026-08-31 06:30:07,fb018,Freibad Zwischen den Hölzern,0,2000,2000
2026-08-31 06:30:07,SSD-2,Hallenbad Blaesi,0,70,70
2026-08-31 06:30:07,SSD-3,Hallenbad Bungertwies,0,28,28
2026-08-31 06:30:07,SSD-4,Hallenbad City,34,186,220
2026-08-31 06:30:07,SSD-6,Hallenbad Leimbach,12,68,80
2026-08-31 06:30:07,SSD-7,Hallenbad Oerlikon,41,159,200
2026-08-31 06:30:07,SSD-10,Seebad Utoquai,1,799,800
2026-08-31 06:30:07,seb6946,Strandbad Mythenquai,0,4500,4500
2026-08-31 06:30:07,seb6947,Strandbad Tiefenbrunnen,0,3500,3500
2026-08-31 06:30:07,seb6948,Strandbad Wollishofen,0,700,700
2026-08-31 06:30:07,SSD-5,Waermebad Kaeferberg,0,70,70
2026-08-31 06:44:24,BADI-1,Enge,1,419,420
2026-08-31 06:44:24,flb6939,Flussbad Oberer Letten,0,1200,1200
2026-08-31 06:44:24,flb6940,Flussbad Unterer Letten,0,800,800
2026-08-31 06:44:24,flb8803,Flussbad Unterer Letten (Flussteil),0,800,800
2026-08-31 06:44:24,flb6941,Frauenbad Stadthausquai,2,348,350
2026-08-31 06:44:24,fb006,Freibad Allenmoos,0,7500,7500
2026-08-31 06:44:24,fb008,Freibad Auhof,0,2001,2001
2026-08-31 06:44:24,fb012,Freibad Heuried,0,2600,2600
2026-08-31 06:44:24,LETZI-1,Freibad Letzigraben,0,3800,3800
2026-08-31 06:44:24,SSD-11,Freibad Seebach,0,2000,2000
2026-08-31 06:44:24,fb018,Freibad Zwischen den Hölzern,0,2000,2000
2026-08-31 06:44:24,SSD-2,Hallenbad Blaesi,0,70,70
2026-08-31 06:44:24,SSD-3,Hallenbad Bungertwies,0,28,28
2026-08-31 06:44:24,SSD-4,Hallenbad City,42,178,220
2026-08-31 06:44:24,SSD-6,Hallenbad Leimbach,13,67,80
2026-08-31 06:44:24,SSD-7,Hallenbad Oerlikon,48,152,200
2026-08-31 06:44:24,SSD-10,Seebad Utoquai,2,798,800
2026-08-31 06:44:24,seb6946,Strandbad Mythenquai,0,4500,4500
2026-08-31 06:44:24,seb6947,Strandbad Tiefenbrunnen,1,3499,3500
2026-08-31 06:44:24,seb6948,Strandbad Wollishofen,0,700,700
2026-08-31 06:44:24,SSD-5,Waermebad Kaeferberg,0,70,70
2026-08-31 06:45:03,BADI-1,Enge,1,419,420
2026-08-31 06:45:03,flb6939,Flussbad Oberer Letten,0,1200,1200
2026-08-31 06:45:03,flb6940,Flussbad Unterer Letten,0,800,800
2026-08-31 06:45:03,flb8803,Flussbad Unterer Letten (Flussteil),0,800,800
2026-08-31 06:45:03,flb6941,Frauenbad Stadthausquai,2,348,350
2026-08-31 06:45:03,fb006,Freibad Allenmoos,0,7500,7500
2026-08-31 06:45:03,fb008,Freibad Auhof,0,2001,2001
2026-08-31 06:45:03,fb012,Freibad Heuried,0,2600,2600
2026-08-31 06:45:03,LETZI-1,Freibad Letzigraben,0,3800,3800
2026-08-31 06:45:03,SSD-11,Freibad Seebach,0,2000,2000
2026-08-31 06:45:03,fb018,Freibad Zwischen den Hölzern,0,2000,2000
2026-08-31 06:45:03,SSD-2,Hallenbad Blaesi,0,70,70
2026-08-31 06:45:03,SSD-3,Hallenbad Bungertwies,0,28,28
2026-08-31 06:45:03,SSD-4,Hallenbad City,42,178,220
2026-08-31 06:45:03,SSD-6,Hallenbad Leimbach,13,67,80
2026-08-31 06:45:03,SSD-7,Hallenbad Oerlikon,48,152,200
2026-08-31 06:45:03,SSD-10,Seebad Utoquai,2,798,800
2026-08-31 06:45:03,seb6946,Strandbad Mythenquai,0,4500,4500
2026-08-31 06:45:03,seb6947,Strandbad Tiefenbrunnen,1,3499,3500
2026-08-31 06:45:03,seb6948,Strandbad Wollishofen,0,700,700
2026-08-31 06:45:03,SSD-5,Waermebad Kaeferberg,0,70,70
2026-08-31 06:59:23,BADI-1,Enge,2,418,420
2026-08-31 06:59:23,flb6939,Flussbad Oberer Letten,0,1200,1200
2026-08-31 06:59:23,flb6940,Flussbad Unterer Letten,0,800,800
2026-08-31 06:59:23,flb8803,Flussbad Unterer Letten (Flussteil),0,800,800
2026-08-31 06:59:23,flb6941,Frauenbad Stadthausquai,2,348,350
2026-08-31 06:59:23,fb006,Freibad Allenmoos,0,7500,7500
2026-08-31 06:59:23,fb008,Freibad Auhof,0,2001,2001
2026-08-31 06:59:23,fb012,Freibad Heuried,0,2600,2600
2026-08-31 06:59:23,LETZI-1,Freibad Letzigraben,1,3799,3800
2026-08-31 06:59:23,SSD-11,Freibad Seebach,0,2000,2000
2026-08-31 06:59:23,fb018,Freibad Zwischen den Hölzern,0,2000,2000
2026-08-31 06:59:23,SSD-2,Hallenbad Blaesi,0,70,70
2026-08-31 06:59:23,SSD-3,Hallenbad Bungertwies,0,28,28
2026-08-31 06:59:23,SSD-4,Hallenbad City,42,178,220
2026-08-31 06:59:23,SSD-6,Hallenbad Leimbach,12,68,80
2026-08-31 06:59:23,SSD-7,Hallenbad Oerlikon,44,156,200
2026-08-31 06:59:23,SSD-10,Seebad Utoquai,2,798,800
2026-08-31 06:59:23,seb6946,Strandbad Mythenquai,1,4499,4500
2026-08-31 06:59:23,seb6947,Strandbad Tiefenbrunnen,1,3499,3500
2026-08-31 06:59:23,seb6948,Strandbad Wollishofen,0,700,700
2026-08-31 06:59:23,SSD-5,Waermebad Kaeferberg,0,70,70
2026-08-31 07:14:16,BADI-1,Enge,2,418,420
2026-08-31 07:14:16,flb6939,Flussbad Oberer Letten,1,1199,1200
2026-08-31 07:14:16,flb6940,Flussbad Unterer Letten,0,800,800
2026-08-31 07:14:16,flb8803,Flussbad Unterer Letten (Flussteil),0,800,800
2026-08-31 07:14:16,flb6941,Frauenbad Stadthausquai,4,346,350
2026-08-31 07:14:16,fb006,Freibad Allenmoos,0,7500,7500
2026-08-31 07:14:16,fb008,Freibad Auhof,0,2001,2001
2026-08-31 07:14:16,fb012,Freibad Heuried,1,2599,2600
2026-08-31 07:14:16,LETZI-1,Freibad Letzigraben,14,3786,3800
2026-08-31 07:14:16,SSD-11,Freibad Seebach,13,1987,2000
2026-08-31 07:14:16,fb018,Freibad Zwischen den Hölzern,0,2000,2000
2026-08-31 07:14:16,SSD-2,Hallenbad Blaesi,0,70,70
2026-08-31 07:14:16,SSD-3,Hallenbad Bungertwies,3,25,28
2026-08-31 07:14:16,SSD-4,Hallenbad City,37,183,220
2026-08-31 07:14:16,SSD-6,Hallenbad Leimbach,7,73,80
2026-08-31 07:14:16,SSD-7,Hallenbad Oerlikon,42,158,200
2026-08-31 07:14:16,SSD-10,Seebad Utoquai,56,744,800
2026-08-31 07:14:16,seb6946,Strandbad Mythenquai,13,4487,4500
2026-08-31 07:14:16,seb6947,Strandbad Tiefenbrunnen,1,3499,3500
2026-08-31 07:14:16,seb6948,Strandbad Wollishofen,0,700,700
2026-08-31 07:14:16,SSD-5,Waermebad Kaeferberg,0,70,70
2026-08-31 07:15:06,BADI-1,Enge,1,419,420
2026-08-31 07:15:06,flb6939,Flussbad Oberer Letten,1,1199,1200
2026-08-31 07:15:06,flb6940,Flussbad Unterer Letten,0,800,800
2026-08-31 07:15:06,flb8803,Flussbad Unterer Letten (Flussteil),0,800,800
2026-08-31 07:15:06,flb6941,Frauenbad Stadthausquai,4,346,350
2026-08-31 07:15:06,fb006,Freibad Allenmoos,0,7500,7500
2026-08-31 07:15:06,fb008,Freibad Auhof,0,2001,2001
2026-08-31 07:15:06,fb012,Freibad Heuried,1,2599,2600
2026-08-31 07:15:06,LETZI-1,Freibad Letzigraben,15,3785,3800
2026-08-31 07:15:06,SSD-11,Freibad Seebach,13,1987,2000
2026-08-31 07:15:06,fb018,Freibad Zwischen den Hölzern,0,2000,2000
2026-08-31 07:15:06,SSD-2,Hallenbad Blaesi,0,70,70
2026-08-31 07:15:06,SSD-3,Hallenbad Bungertwies,3,25,28
2026-08-31 07:15:06,SSD-4,Hallenbad City,38,182,220
2026-08-31 07:15:06,SSD-6,Hallenbad Leimbach,7,73,80
2026-08-31 07:15:06,SSD-7,Hallenbad Oerlikon,41,159,200
2026-08-31 07:15:06,SSD-10,Seebad Utoquai,57,743,800
2026-08-31 07:15:06,seb6946,Strandbad Mythenquai,13,4487,4500
2026-08-31 07:15:06,seb6947,Strandbad Tiefenbrunnen,1,3499,3500
2026-08-31 07:15:06,seb6948,Strandbad Wollishofen,0,700,700
2026-08-31 07:15:06,SSD-5,Waermebad Kaeferberg,0,70,70
2026-08-31 07:29:24,BADI-1,Enge,2,418,420
2026-08-31 07:29:24,flb6939,Flussbad Oberer Letten,1,1199,1200
2026-08-31 07:29:24,flb6940,Flussbad Unterer Letten,0,800,800
2026-08-31 07:29:24,flb8803,Flussbad Unterer Letten (Flussteil),0,800,800
2026-08-31 07:29:24,flb6941,Frauenbad Stadthausquai,8,342,350
2026-08-31 07:29:24,fb006,Freibad Allenmoos,0,7500,7500
2026-08-31 07:29:24,fb008,Freibad Auhof,0,2001,2001
2026-08-31 07:29:24,fb012,Freibad Heuried,0,2600,2600
2026-08-31 07:29:24,LETZI-1,Freibad Letzigraben,20,3780,3800
2026-08-31 07:29:24,SSD-11,Freibad Seebach,14,1986,2000
2026-08-31 07:29:24,fb018,Freibad Zwischen den Hölzern,0,2000,2000
2026-08-31 07:29:24,SSD-2,Hallenbad Blaesi,0,70,70
2026-08-31 07:29:24,SSD-3,Hallenbad Bungertwies,22,6,28
2026-08-31 07:29:24,SSD-4,Hallenbad City,37,183,220
2026-08-31 07:29:24,SSD-6,Hallenbad Leimbach,4,76,80
2026-08-31 07:29:24,SSD-7,Hallenbad Oerlikon,41,159,200
2026-08-31 07:29:24,SSD-10,Seebad Utoquai,68,732,800
2026-08-31 07:29:24,seb6946,Strandbad Mythenquai,14,4486,4500
2026-08-31 07:29:24,seb6947,Strandbad Tiefenbrunnen,1,3499,3500
2026-08-31 07:29:24,seb6948,Strandbad Wollishofen,0,700,700
2026-08-31 07:29:24,SSD-5,Waermebad Kaeferberg,0,70,70
2026-08-31 07:30:03,BADI-1,Enge,2,418,420
2026-08-31 07:30:03,flb6939,Flussbad Oberer Letten,1,1199,1200
2026-08-31 07:30:03,flb6940,Flussbad Unterer Letten,0,800,800
2026-08-31 07:30:03,flb8803,Flussbad Unterer Letten (Flussteil),0,800,800
2026-08-31 07:30:03,flb6941,Frauenbad Stadthausquai,8,342,350
2026-08-31 07:30:03,fb006,Freibad Allenmoos,0,7500,7500
2026-08-31 07:30:03,fb008,Freibad Auhof,0,2001,2001
2026-08-31 07:30:03,fb012,Freibad Heuried,0,2600,2600
2026-08-31 07:30:03,LETZI-1,Freibad Letzigraben,20,3780,3800
2026-08-31 07:30:03,SSD-11,Freibad Seebach,14,1986,2000
2026-08-31 07:30:03,fb018,Freibad Zwischen den Hölzern,0,2000,2000
2026-08-31 07:30:03,SSD-2,Hallenbad Blaesi,0,70,70
2026-08-31 07:30:03,SSD-3,Hallenbad Bungertwies,25,3,28
2026-08-31 07:30:03,SSD-4,Hallenbad City,37,183,220
2026-08-31 07:30:03,SSD-6,Hallenbad Leimbach,4,76,80
2026-08-31 07:30:03,SSD-7,Hallenbad Oerlikon,41,159,200
2026-08-31 07:30:03,SSD-10,Seebad Utoquai,69,731,800
2026-08-31 07:30:03,seb6946,Strandbad Mythenquai,14,4486,4500
2026-08-31 07:30:03,seb6947,Strandbad Tiefenbrunnen,1,3499,3500
2026-08-31 07:30:03,seb6948,Strandbad Wollishofen,1,699,700
2026-08-31 07:30:03,SSD-5,Waermebad Kaeferberg,0,70,70
2026-08-31 07:44:20,BADI-1,Enge,3,417,420
2026-08-31 07:44:20,flb6939,Flussbad Oberer Letten,2,1198,1200
2026-08-31 07:44:20,flb6940,Flussbad Unterer Letten,0,800,800
2026-08-31 07:44:20,flb8803,Flussbad Unterer Letten (Flussteil),0,800,800
2026-08-31 07:44:20,flb6941,Frauenbad Stadthausquai,8,342,350
2026-08-31 07:44:20,fb006,Freibad Allenmoos,0,7500,7500
2026-08-31 07:44:20,fb008,Freibad Auhof,0,2001,2001
2026-08-31 07:44:20,fb012,Freibad Heuried,0,2600,2600
2026-08-31 07:44:20,LETZI-1,Freibad Letzigraben,28,3772,3800
2026-08-31 07:44:20,SSD-11,Freibad Seebach,13,1987,2000
2026-08-31 07:44:20,fb018,Freibad Zwischen den Hölzern,0,2000,2000
2026-08-31 07:44:20,SSD-2,Hallenbad Blaesi,1,69,70
2026-08-31 07:44:20,SSD-3,Hallenbad Bungertwies,25,3,28
2026-08-31 07:44:20,SSD-4,Hallenbad City,39,181,220
2026-08-31 07:44:20,SSD-6,Hallenbad Leimbach,4,76,80
2026-08-31 07:44:20,SSD-7,Hallenbad Oerlikon,38,162,200
2026-08-31 07:44:20,SSD-10,Seebad Utoquai,64,736,800
2026-08-31 07:44:20,seb6946,Strandbad Mythenquai,19,4481,4500
2026-08-31 07:44:20,seb6947,Strandbad Tiefenbrunnen,1,3499,3500
2026-08-31 07:44:20,seb6948,Strandbad Wollishofen,1,699,700
2026-08-31 07:44:20,SSD-5,Waermebad Kaeferberg,0,70,70
2026-08-31 07:45:06,BADI-1,Enge,3,417,420
2026-08-31 07:45:06,flb6939,Flussbad Oberer Letten,2,1198,1200
2026-08-31 07:45:06,flb6940,Flussbad Unterer Letten,0,800,800
2026-08-31 07:45:06,flb8803,Flussbad Unterer Letten (Flussteil),0,800,800
2026-08-31 07:45:06,flb6941,Frauenbad Stadthausquai,8,342,350
2026-08-31 07:45:06,fb006,Freibad Allenmoos,0,7500,7500
2026-08-31 07:45:06,fb008,Freibad Auhof,1,2000,2001
2026-08-31 07:45:06,fb012,Freibad Heuried,0,2600,2600
2026-08-31 07:45:06,LETZI-1,Freibad Letzigraben,28,3772,3800
2026-08-31 07:45:06,SSD-11,Freibad Seebach,13,1987,2000
2026-08-31 07:45:06,fb018,Freibad Zwischen den Hölzern,1,1999,2000
2026-08-31 07:45:06,SSD-2,Hallenbad Blaesi,0,70,70
2026-08-31 07:45:06,SSD-3,Hallenbad Bungertwies,25,3,28
2026-08-31 07:45:06,SSD-4,Hallenbad City,39,181,220
2026-08-31 07:45:06,SSD-6,Hallenbad Leimbach,4,76,80
2026-08-31 07:45:06,SSD-7,Hallenbad Oerlikon,39,161,200
2026-08-31 07:45:06,SSD-10,Seebad Utoquai,65,735,800
2026-08-31 07:45:06,seb6946,Strandbad Mythenquai,18,4482,4500
2026-08-31 07:45:06,seb6947,Strandbad Tiefenbrunnen,1,3499,3500
2026-08-31 07:45:06,seb6948,Strandbad Wollishofen,1,699,700
2026-08-31 07:45:06,SSD-5,Waermebad Kaeferberg,0,70,70
2026-08-31 07:59:23,BADI-1,Enge,6,414,420
2026-08-31 07:59:23,flb6939,Flussbad Oberer Letten,5,1195,1200
2026-08-31 07:59:23,flb6940,Flussbad Unterer Letten,0,800,800
2026-08-31 07:59:23,flb8803,Flussbad Unterer Letten (Flussteil),0,800,800
2026-08-31 07:59:23,flb6941,Frauenbad Stadthausquai,10,340,350
2026-08-31 07:59:23,fb006,Freibad Allenmoos,0,7500,7500
2026-08-31 07:59:23,fb008,Freibad Auhof,45,1956,2001
2026-08-31 07:59:23,fb012,Freibad Heuried,1,2599,2600
2026-08-31 07:59:23,LETZI-1,Freibad Letzigraben,26,3774,3800
2026-08-31 07:59:23,SSD-11,Freibad Seebach,8,1992,2000
2026-08-31 07:59:23,fb018,Freibad Zwischen den Hölzern,1,1999,2000
2026-08-31 07:59:23,SSD-2,Hallenbad Blaesi,0,70,70
2026-08-31 07:59:23,SSD-3,Hallenbad Bungertwies,25,3,28
2026-08-31 07:59:23,SSD-4,Hallenbad City,41,179,220
2026-08-31 07:59:23,SSD-6,Hallenbad Leimbach,2,78,80
2026-08-31 07:59:23,SSD-7,Hallenbad Oerlikon,38,162,200
2026-08-31 07:59:23,SSD-10,Seebad Utoquai,62,738,800
2026-08-31 07:59:23,seb6946,Strandbad Mythenquai,18,4482,4500
2026-08-31 07:59:23,seb6947,Strandbad Tiefenbrunnen,1,3499,3500
2026-08-31 07:59:23,seb6948,Strandbad Wollishofen,2,698,700
2026-08-31 07:59:23,SSD-5,Waermebad Kaeferberg,0,70,70
2026-08-31 08:14:15,BADI-1,Enge,13,407,420
2026-08-31 08:14:15,flb6939,Flussbad Oberer Letten,5,1195,1200
2026-08-31 08:14:15,flb6940,Flussbad Unterer Letten,0,800,800
2026-08-31 08:14:15,flb8803,Flussbad Unterer Letten (Flussteil),0,800,800
2026-08-31 08:14:15,flb6941,Frauenbad Stadthausquai,11,339,350
2026-08-31 08:14:15,fb006,Freibad Allenmoos,1,7499,7500
2026-08-31 08:14:15,fb008,Freibad Auhof,45,1956,2001
2026-08-31 08:14:15,fb012,Freibad Heuried,1,2599,2600
2026-08-31 08:14:15,LETZI-1,Freibad Letzigraben,28,3772,3800
2026-08-31 08:14:15,SSD-11,Freibad Seebach,11,1989,2000
2026-08-31 08:14:15,fb018,Freibad Zwischen den Hölzern,2,1998,2000
2026-08-31 08:14:15,SSD-2,Hallenbad Blaesi,19,51,70
2026-08-31 08:14:15,SSD-3,Hallenbad Bungertwies,25,3,28
2026-08-31 08:14:15,SSD-4,Hallenbad City,83,137,220
2026-08-31 08:14:15,SSD-6,Hallenbad Leimbach,19,61,80
2026-08-31 08:14:15,SSD-7,Hallenbad Oerlikon,51,149,200
2026-08-31 08:14:15,SSD-10,Seebad Utoquai,54,746,800
2026-08-31 08:14:15,seb6946,Strandbad Mythenquai,23,4477,4500
2026-08-31 08:14:15,seb6947,Strandbad Tiefenbrunnen,0,3500,3500
2026-08-31 08:14:15,seb6948,Strandbad Wollishofen,4,696,700
2026-08-31 08:14:15,SSD-5,Waermebad Kaeferberg,0,70,70
2026-08-31 08:15:04,BADI-1,Enge,15,405,420
2026-08-31 08:15:04,flb6939,Flussbad Oberer Letten,5,1195,1200
2026-08-31 08:15:04,flb6940,Flussbad Unterer Letten,0,800,800
2026-08-31 08:15:04,flb8803,Flussbad Unterer Letten (Flussteil),0,800,800
2026-08-31 08:15:04,flb6941,Frauenbad Stadthausquai,11,339,350
2026-08-31 08:15:04,fb006,Freibad Allenmoos,1,7499,7500
2026-08-31 08:15:04,fb008,Freibad Auhof,45,1956,2001
2026-08-31 08:15:04,fb012,Freibad Heuried,1,2599,2600
2026-08-31 08:15:04,LETZI-1,Freibad Letzigraben,28,3772,3800
2026-08-31 08:15:04,SSD-11,Freibad Seebach,11,1989,2000
2026-08-31 08:15:04,fb018,Freibad Zwischen den Hölzern,2,1998,2000
2026-08-31 08:15:04,SSD-2,Hallenbad Blaesi,21,49,70
2026-08-31 08:15:04,SSD-3,Hallenbad Bungertwies,25,3,28
2026-08-31 08:15:04,SSD-4,Hallenbad City,85,135,220
2026-08-31 08:15:04,SSD-6,Hallenbad Leimbach,20,60,80
2026-08-31 08:15:04,SSD-7,Hallenbad Oerlikon,51,149,200
2026-08-31 08:15:04,SSD-10,Seebad Utoquai,55,745,800
2026-08-31 08:15:04,seb6946,Strandbad Mythenquai,23,4477,4500
2026-08-31 08:15:04,seb6947,Strandbad Tiefenbrunnen,0,3500,3500
2026-08-31 08:15:04,seb6948,Strandbad Wollishofen,4,696,700
2026-08-31 08:15:04,SSD-5,Waermebad Kaeferberg,0,70,70
2026-08-31 08:29:22,BADI-1,Enge,21,399,420
2026-08-31 08:29:22,flb6939,Flussbad Oberer Letten,6,1194,1200
2026-08-31 08:29:22,flb6940,Flussbad Unterer Letten,0,800,800
2026-08-31 08:29:22,flb8803,Flussbad Unterer Letten (Flussteil),1,799,800
2026-08-31 08:29:22,flb6941,Frauenbad Stadthausquai,11,339,350
2026-08-31 08:29:22,fb006,Freibad Allenmoos,1,7499,7500
2026-08-31 08:29:22,fb008,Freibad Auhof,48,1953,2001
2026-08-31 08:29:22,fb012,Freibad Heuried,1,2599,2600
2026-08-31 08:29:22,LETZI-1,Freibad Letzigraben,29,3771,3800
2026-08-31 08:29:22,SSD-11,Freibad Seebach,10,1990,2000
2026-08-31 08:29:22,fb018,Freibad Zwischen den Hölzern,2,1998,2000
2026-08-31 08:29:22,SSD-2,Hallenbad Blaesi,21,49,70
2026-08-31 08:29:22,SSD-3,Hallenbad Bungertwies,33,-5,28
2026-08-31 08:29:22,SSD-4,Hallenbad City,87,133,220
2026-08-31 08:29:22,SSD-6,Hallenbad Leimbach,45,35,80
2026-08-31 08:29:22,SSD-7,Hallenbad Oerlikon,50,150,200
2026-08-31 08:29:22,SSD-10,Seebad Utoquai,53,747,800
2026-08-31 08:29:22,seb6946,Strandbad Mythenquai,20,4480,4500
2026-08-31 08:29:22,seb6947,Strandbad Tiefenbrunnen,1,3499,3500
2026-08-31 08:29:22,seb6948,Strandbad Wollishofen,4,696,700
2026-08-31 08:29:22,SSD-5,Waermebad Kaeferberg,0,70,70
2026-08-31 08:30:06,BADI-1,Enge,21,399,420
2026-08-31 08:30:06,flb6939,Flussbad Oberer Letten,6,1194,1200
2026-08-31 08:30:06,flb6940,Flussbad Unterer Letten,0,800,800
2026-08-31 08:30:06,flb8803,Flussbad Unterer Letten (Flussteil),1,799,800
2026-08-31 08:30:06,flb6941,Frauenbad Stadthausquai,11,339,350
2026-08-31 08:30:06,fb006,Freibad Allenmoos,1,7499,7500
2026-08-31 08:30:06,fb008,Freibad Auhof,48,1953,2001
2026-08-31 08:30:06,fb012,Freibad Heuried,1,2599,2600
2026-08-31 08:30:06,LETZI-1,Freibad Letzigraben,29,3771,3800
2026-08-31 08:30:06,SSD-11,Freibad Seebach,11,1989,2000
2026-08-31 08:30:06,fb018,Freibad Zwischen den Hölzern,2,1998,2000
2026-08-31 08:30:06,SSD-2,Hallenbad Blaesi,21,49,70
2026-08-31 08:30:06,SSD-3,Hallenbad Bungertwies,31,-3,28
2026-08-31 08:30:06,SSD-4,Hallenbad City,86,134,220
2026-08-31 08:30:06,SSD-6,Hallenbad Leimbach,45,35,80
2026-08-31 08:30:06,SSD-7,Hallenbad Oerlikon,50,150,200
2026-08-31 08:30:06,SSD-10,Seebad Utoquai,56,744,800
2026-08-31 08:30:06,seb6946,Strandbad Mythenquai,20,4480,4500
2026-08-31 08:30:06,seb6947,Strandbad Tiefenbrunnen,1,3499,3500
2026-08-31 08:30:06,seb6948,Strandbad Wollishofen,4,696,700
2026-08-31 08:30:06,SSD-5,Waermebad Kaeferberg,0,70,70
2026-08-31 08:44:26,BADI-1,Enge,26,394,420
2026-08-31 08:44:26,flb6939,Flussbad Oberer Letten,6,1194,1200
2026-08-31 08:44:26,flb6940,Flussbad Unterer Letten,1,799,800
2026-08-31 08:44:26,flb8803,Flussbad Unterer Letten (Flussteil),0,800,800
2026-08-31 08:44:26,flb6941,Frauenbad Stadthausquai,10,340,350
2026-08-31 08:44:26,fb006,Freibad Allenmoos,1,7499,7500
2026-08-31 08:44:26,fb008,Freibad Auhof,4,1997,2001
2026-08-31 08:44:26,fb012,Freibad Heuried,1,2599,2600
2026-08-31 08:44:26,LETZI-1,Freibad Letzigraben,33,3767,3800
2026-08-31 08:44:26,SSD-11,Freibad Seebach,13,1987,2000
2026-08-31 08:44:26,fb018,Freibad Zwischen den Hölzern,2,1998,2000
2026-08-31 08:44:26,SSD-2,Hallenbad Blaesi,21,49,70
2026-08-31 08:44:26,SSD-3,Hallenbad Bungertwies,27,1,28
2026-08-31 08:44:26,SSD-4,Hallenbad City,79,141,220
2026-08-31 08:44:26,SSD-6,Hallenbad Leimbach,45,35,80
2026-08-31 08:44:26,SSD-7,Hallenbad Oerlikon,51,149,200
2026-08-31 08:44:26,SSD-10,Seebad Utoquai,55,745,800
2026-08-31 08:44:26,seb6946,Strandbad Mythenquai,20,4480,4500
2026-08-31 08:44:26,seb6947,Strandbad Tiefenbrunnen,1,3499,3500
2026-08-31 08:44:26,seb6948,Strandbad Wollishofen,4,696,700
2026-08-31 08:44:26,SSD-5,Waermebad Kaeferberg,0,70,70
2026-08-31 08:45:04,BADI-1,Enge,25,395,420
2026-08-31 08:45:04,flb6939,Flussbad Oberer Letten,6,1194,1200
2026-08-31 08:45:04,flb6940,Flussbad Unterer Letten,1,799,800
2026-08-31 08:45:04,flb8803,Flussbad Unterer Letten (Flussteil),0,800,800
2026-08-31 08:45:04,flb6941,Frauenbad Stadthausquai,10,340,350
2026-08-31 08:45:04,fb006,Freibad Allenmoos,1,7499,7500
2026-08-31 08:45:04,fb008,Freibad Auhof,3,1998,2001
2026-08-31 08:45:04,fb012,Freibad Heuried,1,2599,2600
2026-08-31 08:45:04,LETZI-1,Freibad Letzigraben,33,3767,3800
2026-08-31 08:45:04,SSD-11,Freibad Seebach,13,1987,2000
2026-08-31 08:45:04,fb018,Freibad Zwischen den Hölzern,2,1998,2000
2026-08-31 08:45:04,SSD-2,Hallenbad Blaesi,21,49,70
2026-08-31 08:45:04,SSD-3,Hallenbad Bungertwies,27,1,28
2026-08-31 08:45:04,SSD-4,Hallenbad City,79,141,220
2026-08-31 08:45:04,SSD-6,Hallenbad Leimbach,45,35,80
2026-08-31 08:45:04,SSD-7,Hallenbad Oerlikon,51,149,200
2026-08-31 08:45:04,SSD-10,Seebad Utoquai,55,745,800
2026-08-31 08:45:04,seb6946,Strandbad Mythenquai,20,4480,4500
2026-08-31 08:45:04,seb6947,Strandbad Tiefenbrunnen,1,3499,3500
2026-08-31 08:45:04,seb6948,Strandbad Wollishofen,3,697,700
2026-08-31 08:45:04,SSD-5,Waermebad Kaeferberg,0,70,70
2026-08-31 08:59:23,BADI-1,Enge,34,386,420
2026-08-31 08:59:23,flb6939,Flussbad Oberer Letten,7,1193,1200
2026-08-31 08:59:23,flb6940,Flussbad Unterer Letten,3,797,800
2026-08-31 08:59:23,flb8803,Flussbad Unterer Letten (Flussteil),0,800,800
2026-08-31 08:59:23,flb6941,Frauenbad Stadthausquai,10,340,350
2026-08-31 08:59:23,fb006,Freibad Allenmoos,0,7500,7500
2026-08-31 08:59:23,fb008,Freibad Auhof,4,1997,2001
2026-08-31 08:59:23,fb012,Freibad Heuried,0,2600,2600
2026-08-31 08:59:23,LETZI-1,Freibad Letzigraben,32,3768,3800
2026-08-31 08:59:23,SSD-11,Freibad Seebach,17,1983,2000
2026-08-31 08:59:23,fb018,Freibad Zwischen den Hölzern,1,1999,2000
2026-08-31 08:59:23,SSD-2,Hallenbad Blaesi,40,30,70
2026-08-31 08:59:23,SSD-3,Hallenbad Bungertwies,27,1,28
2026-08-31 08:59:23,SSD-4,Hallenbad City,84,136,220
2026-08-31 08:59:23,SSD-6,Hallenbad Leimbach,63,17,80
2026-08-31 08:59:23,SSD-7,Hallenbad Oerlikon,72,128,200
2026-08-31 08:59:23,SSD-10,Seebad Utoquai,57,743,800
2026-08-31 08:59:23,seb6946,Strandbad Mythenquai,27,4473,4500
2026-08-31 08:59:23,seb6947,Strandbad Tiefenbrunnen,2,3498,3500
2026-08-31 08:59:23,seb6948,Strandbad Wollishofen,3,697,700
2026-08-31 08:59:23,SSD-5,Waermebad Kaeferberg,0,70,70
2026-08-31 09:14:17,BADI-1,Enge,34,386,420
2026-08-31 09:14:17,flb6939,Flussbad Oberer Letten,24,1176,1200
2026-08-31 09:14:17,flb6940,Flussbad Unterer Letten,0,800,800
2026-08-31 09:14:17,flb8803,Flussbad Unterer Letten (Flussteil),4,796,800
2026-08-31 09:14:17,flb6941,Frauenbad Stadthausquai,14,336,350
2026-08-31 09:14:17,fb006,Freibad Allenmoos,6,7494,7500
2026-08-31 09:14:17,fb008,Freibad Auhof,11,1990,2001
2026-08-31 09:14:17,fb012,Freibad Heuried,8,2592,2600
2026-08-31 09:14:17,LETZI-1,Freibad Letzigraben,33,3767,3800
2026-08-31 09:14:17,SSD-11,Freibad Seebach,17,1983,2000
2026-08-31 09:14:17,fb018,Freibad Zwischen den Hölzern,5,1995,2000
2026-08-31 09:14:17,SSD-2,Hallenbad Blaesi,27,43,70
2026-08-31 09:14:17,SSD-3,Hallenbad Bungertwies,29,-1,28
2026-08-31 09:14:17,SSD-4,Hallenbad City,79,141,220
2026-08-31 09:14:17,SSD-6,Hallenbad Leimbach,75,5,80
2026-08-31 09:14:17,SSD-7,Hallenbad Oerlikon,66,134,200
2026-08-31 09:14:17,SSD-10,Seebad Utoquai,55,745,800
2026-08-31 09:14:17,seb6946,Strandbad Mythenquai,31,4469,4500
2026-08-31 09:14:17,seb6947,Strandbad Tiefenbrunnen,6,3494,3500
2026-08-31 09:14:17,seb6948,Strandbad Wollishofen,12,688,700
2026-08-31 09:14:17,SSD-5,Waermebad Kaeferberg,2,68,70
2026-08-31 09:15:04,BADI-1,Enge,34,386,420
2026-08-31 09:15:04,flb6939,Flussbad Oberer Letten,24,1176,1200
2026-08-31 09:15:04,flb6940,Flussbad Unterer Letten,0,800,800
2026-08-31 09:15:04,flb8803,Flussbad Unterer Letten (Flussteil),5,795,800
2026-08-31 09:15:04,flb6941,Frauenbad Stadthausquai,14,336,350
2026-08-31 09:15:04,fb006,Freibad Allenmoos,6,7494,7500
2026-08-31 09:15:04,fb008,Freibad Auhof,11,1990,2001
2026-08-31 09:15:04,fb012,Freibad Heuried,30,2570,2600
2026-08-31 09:15:04,LETZI-1,Freibad Letzigraben,33,3767,3800
2026-08-31 09:15:04,SSD-11,Freibad Seebach,17,1983,2000
2026-08-31 09:15:04,fb018,Freibad Zwischen den Hölzern,5,1995,2000
2026-08-31 09:15:04,SSD-2,Hallenbad Blaesi,25,45,70
2026-08-31 09:15:04,SSD-3,Hallenbad Bungertwies,28,0,28
2026-08-31 09:15:04,SSD-4,Hallenbad City,75,145,220
2026-08-31 09:15:04,SSD-6,Hallenbad Leimbach,70,10,80
2026-08-31 09:15:04,SSD-7,Hallenbad Oerlikon,66,134,200
2026-08-31 09:15:04,SSD-10,Seebad Utoquai,55,745,800
2026-08-31 09:15:04,seb6946,Strandbad Mythenquai,32,4468,4500
2026-08-31 09:15:04,seb6947,Strandbad Tiefenbrunnen,6,3494,3500
2026-08-31 09:15:04,seb6948,Strandbad Wollishofen,11,689,700
2026-08-31 09:15:04,SSD-5,Waermebad Kaeferberg,2,68,70
2026-08-31 09:29:19,BADI-1,Enge,30,390,420
2026-08-31 09:29:19,flb6939,Flussbad Oberer Letten,25,1175,1200
2026-08-31 09:29:19,flb6940,Flussbad Unterer Letten,0,800,800
2026-08-31 09:29:19,flb8803,Flussbad Unterer Letten (Flussteil),6,794,800
2026-08-31 09:29:19,flb6941,Frauenbad Stadthausquai,17,333,350
2026-08-31 09:29:19,fb006,Freibad Allenmoos,7,7493,7500
2026-08-31 09:29:19,fb008,Freibad Auhof,11,1990,2001
2026-08-31 09:29:19,fb012,Freibad Heuried,36,2564,2600
2026-08-31 09:29:19,LETZI-1,Freibad Letzigraben,30,3770,3800
2026-08-31 09:29:19,SSD-11,Freibad Seebach,16,1984,2000
2026-08-31 09:29:19,fb018,Freibad Zwischen den Hölzern,8,1992,2000
2026-08-31 09:29:19,SSD-2,Hallenbad Blaesi,22,48,70
2026-08-31 09:29:19,SSD-3,Hallenbad Bungertwies,23,5,28
2026-08-31 09:29:19,SSD-4,Hallenbad City,75,145,220
2026-08-31 09:29:19,SSD-6,Hallenbad Leimbach,42,38,80
2026-08-31 09:29:19,SSD-7,Hallenbad Oerlikon,52,148,200
2026-08-31 09:29:19,SSD-10,Seebad Utoquai,50,750,800
2026-08-31 09:29:19,seb6946,Strandbad Mythenquai,32,4468,4500
2026-08-31 09:29:19,seb6947,Strandbad Tiefenbrunnen,9,3491,3500
2026-08-31 09:29:19,seb6948,Strandbad Wollishofen,12,688,700
2026-08-31 09:29:19,SSD-5,Waermebad Kaeferberg,2,68,70
2026-08-31 09:30:04,BADI-1,Enge,30,390,420
2026-08-31 09:30:04,flb6939,Flussbad Oberer Letten,25,1175,1200
2026-08-31 09:30:04,flb6940,Flussbad Unterer Letten,0,800,800
2026-08-31 09:30:04,flb8803,Flussbad Unterer Letten (Flussteil),6,794,800
2026-08-31 09:30:04,flb6941,Frauenbad Stadthausquai,17,333,350
2026-08-31 09:30:04,fb006,Freibad Allenmoos,7,7493,7500
2026-08-31 09:30:04,fb008,Freibad Auhof,12,1989,2001
2026-08-31 09:30:04,fb012,Freibad Heuried,35,2565,2600
2026-08-31 09:30:04,LETZI-1,Freibad Letzigraben,30,3770,3800
2026-08-31 09:30:04,SSD-11,Freibad Seebach,15,1985,2000
2026-08-31 09:30:04,fb018,Freibad Zwischen den Hölzern,8,1992,2000
2026-08-31 09:30:04,SSD-2,Hallenbad Blaesi,22,48,70
2026-08-31 09:30:04,SSD-3,Hallenbad Bungertwies,23,5,28
2026-08-31 09:30:04,SSD-4,Hallenbad City,75,145,220
2026-08-31 09:30:04,SSD-6,Hallenbad Leimbach,42,38,80
2026-08-31 09:30:04,SSD-7,Hallenbad Oerlikon,52,148,200
2026-08-31 09:30:04,SSD-10,Seebad Utoquai,50,750,800
2026-08-31 09:30:04,seb6946,Strandbad Mythenquai,33,4467,4500
2026-08-31 09:30:04,seb6947,Strandbad Tiefenbrunnen,9,3491,3500
2026-08-31 09:30:04,seb6948,Strandbad Wollishofen,12,688,700
2026-08-31 09:30:04,SSD-5,Waermebad Kaeferberg,2,68,70
2026-08-31 09:44:23,BADI-1,Enge,32,388,420
2026-08-31 09:44:23,flb6939,Flussbad Oberer Letten,22,1178,1200
2026-08-31 09:44:23,flb6940,Flussbad Unterer Letten,1,799,800
2026-08-31 09:44:23,flb8803,Flussbad Unterer Letten (Flussteil),9,791,800
2026-08-31 09:44:23,flb6941,Frauenbad Stadthausquai,19,331,350
2026-08-31 09:44:23,fb006,Freibad Allenmoos,10,7490,7500
2026-08-31 09:44:23,fb008,Freibad Auhof,12,1989,2001
2026-08-31 09:44:23,fb012,Freibad Heuried,18,2582,2600
2026-08-31 09:44:23,LETZI-1,Freibad Letzigraben,34,3766,3800
2026-08-31 09:44:23,SSD-11,Freibad Seebach,19,1981,2000
2026-08-31 09:44:23,fb018,Freibad Zwischen den Hölzern,10,1990,2000
2026-08-31 09:44:23,SSD-2,Hallenbad Blaesi,22,48,70
2026-08-31 09:44:23,SSD-3,Hallenbad Bungertwies,24,4,28
2026-08-31 09:44:23,SSD-4,Hallenbad City,52,168,220
2026-08-31 09:44:23,SSD-6,Hallenbad Leimbach,42,38,80
2026-08-31 09:44:23,SSD-7,Hallenbad Oerlikon,54,146,200
2026-08-31 09:44:23,SSD-10,Seebad Utoquai,47,753,800
2026-08-31 09:44:23,seb6946,Strandbad Mythenquai,36,4464,4500
2026-08-31 09:44:23,seb6947,Strandbad Tiefenbrunnen,10,3490,3500
2026-08-31 09:44:23,seb6948,Strandbad Wollishofen,12,688,700
2026-08-31 09:44:23,SSD-5,Waermebad Kaeferberg,4,66,70
2026-08-31 09:45:14,BADI-1,Enge,31,389,420
2026-08-31 09:45:14,flb6939,Flussbad Oberer Letten,22,1178,1200
2026-08-31 09:45:14,flb6940,Flussbad Unterer Letten,1,799,800
2026-08-31 09:45:14,flb8803,Flussbad Unterer Letten (Flussteil),9,791,800
2026-08-31 09:45:14,flb6941,Frauenbad Stadthausquai,19,331,350
2026-08-31 09:45:14,fb006,Freibad Allenmoos,10,7490,7500
2026-08-31 09:45:14,fb008,Freibad Auhof,12,1989,2001
2026-08-31 09:45:14,fb012,Freibad Heuried,19,2581,2600
2026-08-31 09:45:14,LETZI-1,Freibad Letzigraben,33,3767,3800
2026-08-31 09:45:14,SSD-11,Freibad Seebach,19,1981,2000
2026-08-31 09:45:14,fb018,Freibad Zwischen den Hölzern,10,1990,2000
2026-08-31 09:45:14,SSD-2,Hallenbad Blaesi,22,48,70
2026-08-31 09:45:14,SSD-3,Hallenbad Bungertwies,24,4,28
2026-08-31 09:45:14,SSD-4,Hallenbad City,51,169,220
2026-08-31 09:45:14,SSD-6,Hallenbad Leimbach,42,38,80
2026-08-31 09:45:14,SSD-7,Hallenbad Oerlikon,55,145,200
2026-08-31 09:45:14,SSD-10,Seebad Utoquai,47,753,800
2026-08-31 09:45:14,seb6946,Strandbad Mythenquai,36,4464,4500
2026-08-31 09:45:14,seb6947,Strandbad Tiefenbrunnen,11,3489,3500
2026-08-31 09:45:14,seb6948,Strandbad Wollishofen,12,688,700
2026-08-31 09:45:14,SSD-5,Waermebad Kaeferberg,4,66,70
2026-08-31 09:59:36,BADI-1,Enge,30,390,420
2026-08-31 09:59:36,flb6939,Flussbad Oberer Letten,28,1172,1200
2026-08-31 09:59:36,flb6940,Flussbad Unterer Letten,1,799,800
2026-08-31 09:59:36,flb8803,Flussbad Unterer Letten (Flussteil),7,793,800
2026-08-31 09:59:36,flb6941,Frauenbad Stadthausquai,21,329,350
2026-08-31 09:59:36,fb006,Freibad Allenmoos,15,7485,7500
2026-08-31 09:59:36,fb008,Freibad Auhof,5,1996,2001
2026-08-31 09:59:36,fb012,Freibad Heuried,17,2583,2600
2026-08-31 09:59:36,LETZI-1,Freibad Letzigraben,30,3770,3800
2026-08-31 09:59:36,SSD-11,Freibad Seebach,20,1980,2000
2026-08-31 09:59:36,fb018,Freibad Zwischen den Hölzern,10,1990,2000
2026-08-31 09:59:36,SSD-2,Hallenbad Blaesi,19,51,70
2026-08-31 09:59:36,SSD-3,Hallenbad Bungertwies,2,26,28
2026-08-31 09:59:36,SSD-4,Hallenbad City,77,143,220
2026-08-31 09:59:36,SSD-6,Hallenbad Leimbach,42,38,80
2026-08-31 09:59:36,SSD-7,Hallenbad Oerlikon,59,141,200
2026-08-31 09:59:36,SSD-10,Seebad Utoquai,49,751,800
2026-08-31 09:59:36,seb6946,Strandbad Mythenquai,35,4465,4500
2026-08-31 09:59:36,seb6947,Strandbad Tiefenbrunnen,20,3480,3500
2026-08-31 09:59:36,seb6948,Strandbad Wollishofen,9,691,700
2026-08-31 09:59:36,SSD-5,Waermebad Kaeferberg,8,62,70
2026-08-31 10:00:07,BADI-1,Enge,30,390,420
2026-08-31 10:00:07,flb6939,Flussbad Oberer Letten,28,1172,1200
2026-08-31 10:00:07,flb6940,Flussbad Unterer Letten,1,799,800
2026-08-31 10:00:07,flb8803,Flussbad Unterer Letten (Flussteil),7,793,800
2026-08-31 10:00:07,flb6941,Frauenbad Stadthausquai,21,329,350
2026-08-31 10:00:07,fb006,Freibad Allenmoos,15,7485,7500
2026-08-31 10:00:07,fb008,Freibad Auhof,6,1995,2001
2026-08-31 10:00:07,fb012,Freibad Heuried,17,2583,2600
2026-08-31 10:00:07,LETZI-1,Freibad Letzigraben,31,3769,3800
2026-08-31 10:00:07,SSD-11,Freibad Seebach,20,1980,2000
2026-08-31 10:00:07,fb018,Freibad Zwischen den Hölzern,10,1990,2000
2026-08-31 10:00:07,SSD-2,Hallenbad Blaesi,16,54,70
2026-08-31 10:00:07,SSD-3,Hallenbad Bungertwies,2,26,28
2026-08-31 10:00:07,SSD-4,Hallenbad City,76,144,220
2026-08-31 10:00:07,SSD-6,Hallenbad Leimbach,42,38,80
2026-08-31 10:00:07,SSD-7,Hallenbad Oerlikon,60,140,200
2026-08-31 10:00:07,SSD-10,Seebad Utoquai,46,754,800
2026-08-31 10:00:07,seb6946,Strandbad Mythenquai,35,4465,4500
2026-08-31 10:00:07,seb6947,Strandbad Tiefenbrunnen,20,3480,3500
2026-08-31 10:00:07,seb6948,Strandbad Wollishofen,9,691,700
2026-08-31 10:00:07,SSD-5,Waermebad Kaeferberg,8,62,70
2026-08-31 10:14:29,BADI-1,Enge,29,391,420
2026-08-31 10:14:29,flb6939,Flussbad Oberer Letten,32,1168,1200
2026-08-31 10:14:29,flb6940,Flussbad Unterer Letten,3,797,800
2026-08-31 10:14:29,flb8803,Flussbad Unterer Letten (Flussteil),13,787,800
2026-08-31 10:14:29,flb6941,Frauenbad Stadthausquai,24,326,350
2026-08-31 10:14:29,fb006,Freibad Allenmoos,17,7483,7500
2026-08-31 10:14:29,fb008,Freibad Auhof,8,1993,2001
2026-08-31 10:14:29,fb012,Freibad Heuried,11,2589,2600
2026-08-31 10:14:29,LETZI-1,Freibad Letzigraben,38,3762,3800
2026-08-31 10:14:29,SSD-11,Freibad Seebach,22,1978,2000
2026-08-31 10:14:29,fb018,Freibad Zwischen den Hölzern,10,1990,2000
2026-08-31 10:14:29,SSD-2,Hallenbad Blaesi,20,50,70
2026-08-31 10:14:29,SSD-3,Hallenbad Bungertwies,22,6,28
2026-08-31 10:14:29,SSD-4,Hallenbad City,100,120,220
2026-08-31 10:14:29,SSD-6,Hallenbad Leimbach,7,73,80
2026-08-31 10:14:29,SSD-7,Hallenbad Oerlikon,70,130,200
2026-08-31 10:14:29,SSD-10,Seebad Utoquai,40,760,800
2026-08-31 10:14:29,seb6946,Strandbad Mythenquai,42,4458,4500
2026-08-31 10:14:29,seb6947,Strandbad Tiefenbrunnen,22,3478,3500
2026-08-31 10:14:29,seb6948,Strandbad Wollishofen,4,696,700
2026-08-31 10:14:29,SSD-5,Waermebad Kaeferberg,9,61,70
2026-08-31 10:15:04,BADI-1,Enge,28,392,420
2026-08-31 10:15:04,flb6939,Flussbad Oberer Letten,33,1167,1200
2026-08-31 10:15:04,flb6940,Flussbad Unterer Letten,3,797,800
2026-08-31 10:15:04,flb8803,Flussbad Unterer Letten (Flussteil),14,786,800
2026-08-31 10:15:04,flb6941,Frauenbad Stadthausquai,24,326,350
2026-08-31 10:15:04,fb006,Freibad Allenmoos,17,7483,7500
2026-08-31 10:15:04,fb008,Freibad Auhof,8,1993,2001
2026-08-31 10:15:04,fb012,Freibad Heuried,11,2589,2600
2026-08-31 10:15:04,LETZI-1,Freibad Letzigraben,39,3761,3800
2026-08-31 10:15:04,SSD-11,Freibad Seebach,21,1979,2000
2026-08-31 10:15:04,fb018,Freibad Zwischen den Hölzern,10,1990,2000
2026-08-31 10:15:04,SSD-2,Hallenbad Blaesi,20,50,70
2026-08-31 10:15:04,SSD-3,Hallenbad Bungertwies,22,6,28
2026-08-31 10:15:04,SSD-4,Hallenbad City,99,121,220
2026-08-31 10:15:04,SSD-6,Hallenbad Leimbach,4,76,80
2026-08-31 10:15:04,SSD-7,Hallenbad Oerlikon,69,131,200
2026-08-31 10:15:04,SSD-10,Seebad Utoquai,41,759,800
2026-08-31 10:15:04,seb6946,Strandbad Mythenquai,42,4458,4500
2026-08-31 10:15:04,seb6947,Strandbad Tiefenbrunnen,22,3478,3500
2026-08-31 10:15:04,seb6948,Strandbad Wollishofen,4,696,700
2026-08-31 10:15:04,SSD-5,Waermebad Kaeferberg,9,61,70
2026-08-31 10:29:20,BADI-1,Enge,28,392,420
2026-08-31 10:29:20,flb6939,Flussbad Oberer Letten,34,1166,1200
2026-08-31 10:29:20,flb6940,Flussbad Unterer Letten,4,796,800
2026-08-31 10:29:20,flb8803,Flussbad Unterer Letten (Flussteil),11,789,800
2026-08-31 10:29:20,flb6941,Frauenbad Stadthausquai,27,323,350
2026-08-31 10:29:20,fb006,Freibad Allenmoos,17,7483,7500
2026-08-31 10:29:20,fb008,Freibad Auhof,11,1990,2001
2026-08-31 10:29:20,fb012,Freibad Heuried,11,2589,2600
2026-08-31 10:29:20,LETZI-1,Freibad Letzigraben,40,3760,3800
2026-08-31 10:29:20,SSD-11,Freibad Seebach,18,1982,2000
2026-08-31 10:29:20,fb018,Freibad Zwischen den Hölzern,9,1991,2000
2026-08-31 10:29:20,SSD-2,Hallenbad Blaesi,41,29,70
2026-08-31 10:29:20,SSD-3,Hallenbad Bungertwies,22,6,28
2026-08-31 10:29:20,SSD-4,Hallenbad City,89,131,220
2026-08-31 10:29:20,SSD-6,Hallenbad Leimbach,37,43,80
2026-08-31 10:29:20,SSD-7,Hallenbad Oerlikon,60,140,200
2026-08-31 10:29:20,SSD-10,Seebad Utoquai,41,759,800
2026-08-31 10:29:20,seb6946,Strandbad Mythenquai,44,4456,4500
2026-08-31 10:29:20,seb6947,Strandbad Tiefenbrunnen,24,3476,3500
2026-08-31 10:29:20,seb6948,Strandbad Wollishofen,4,696,700
2026-08-31 10:29:20,SSD-5,Waermebad Kaeferberg,8,62,70
2026-08-31 10:30:08,BADI-1,Enge,29,391,420
2026-08-31 10:30:08,flb6939,Flussbad Oberer Letten,34,1166,1200
2026-08-31 10:30:08,flb6940,Flussbad Unterer Letten,6,794,800
2026-08-31 10:30:08,flb8803,Flussbad Unterer Letten (Flussteil),9,791,800
2026-08-31 10:30:08,flb6941,Frauenbad Stadthausquai,27,323,350
2026-08-31 10:30:08,fb006,Freibad Allenmoos,17,7483,7500
2026-08-31 10:30:08,fb008,Freibad Auhof,12,1989,2001
2026-08-31 10:30:08,fb012,Freibad Heuried,12,2588,2600
2026-08-31 10:30:08,LETZI-1,Freibad Letzigraben,39,3761,3800
2026-08-31 10:30:08,SSD-11,Freibad Seebach,18,1982,2000
2026-08-31 10:30:08,fb018,Freibad Zwischen den Hölzern,9,1991,2000
2026-08-31 10:30:08,SSD-2,Hallenbad Blaesi,41,29,70
2026-08-31 10:30:08,SSD-3,Hallenbad Bungertwies,22,6,28
2026-08-31 10:30:08,SSD-4,Hallenbad City,88,132,220
2026-08-31 10:30:08,SSD-6,Hallenbad Leimbach,37,43,80
2026-08-31 10:30:08,SSD-7,Hallenbad Oerlikon,61,139,200
2026-08-31 10:30:08,SSD-10,Seebad Utoquai,41,759,800
2026-08-31 10:30:08,seb6946,Strandbad Mythenquai,42,4458,4500
2026-08-31 10:30:08,seb6947,Strandbad Tiefenbrunnen,24,3476,3500
2026-08-31 10:30:08,seb6948,Strandbad Wollishofen,4,696,700
2026-08-31 10:30:08,SSD-5,Waermebad Kaeferberg,8,62,70
2026-08-31 10:44:29,BADI-1,Enge,29,391,420
2026-08-31 10:44:29,flb6939,Flussbad Oberer Letten,33,1167,1200
2026-08-31 10:44:29,flb6940,Flussbad Unterer Letten,3,797,800
2026-08-31 10:44:29,flb8803,Flussbad Unterer Letten (Flussteil),8,792,800
2026-08-31 10:44:29,flb6941,Frauenbad Stadthausquai,24,326,350
2026-08-31 10:44:29,fb006,Freibad Allenmoos,19,7481,7500
2026-08-31 10:44:29,fb008,Freibad Auhof,12,1989,2001
2026-08-31 10:44:29,fb012,Freibad Heuried,14,2586,2600
2026-08-31 10:44:29,LETZI-1,Freibad Letzigraben,39,3761,3800
2026-08-31 10:44:29,SSD-11,Freibad Seebach,19,1981,2000
2026-08-31 10:44:29,fb018,Freibad Zwischen den Hölzern,9,1991,2000
2026-08-31 10:44:29,SSD-2,Hallenbad Blaesi,41,29,70
2026-08-31 10:44:29,SSD-3,Hallenbad Bungertwies,22,6,28
2026-08-31 10:44:29,SSD-4,Hallenbad City,88,132,220
2026-08-31 10:44:29,SSD-6,Hallenbad Leimbach,37,43,80
2026-08-31 10:44:29,SSD-7,Hallenbad Oerlikon,76,124,200
2026-08-31 10:44:29,SSD-10,Seebad Utoquai,41,759,800
2026-08-31 10:44:29,seb6946,Strandbad Mythenquai,43,4457,4500
2026-08-31 10:44:29,seb6947,Strandbad Tiefenbrunnen,20,3480,3500
2026-08-31 10:44:29,seb6948,Strandbad Wollishofen,4,696,700
2026-08-31 10:44:29,SSD-5,Waermebad Kaeferberg,11,59,70
2026-08-31 10:45:03,BADI-1,Enge,30,390,420
2026-08-31 10:45:03,flb6939,Flussbad Oberer Letten,33,1167,1200
2026-08-31 10:45:03,flb6940,Flussbad Unterer Letten,3,797,800
2026-08-31 10:45:03,flb8803,Flussbad Unterer Letten (Flussteil),8,792,800
2026-08-31 10:45:03,flb6941,Frauenbad Stadthausquai,24,326,350
2026-08-31 10:45:03,fb006,Freibad Allenmoos,19,7481,7500
2026-08-31 10:45:03,fb008,Freibad Auhof,12,1989,2001
2026-08-31 10:45:03,fb012,Freibad Heuried,14,2586,2600
2026-08-31 10:45:03,LETZI-1,Freibad Letzigraben,39,3761,3800
2026-08-31 10:45:03,SSD-11,Freibad Seebach,19,1981,2000
2026-08-31 10:45:03,fb018,Freibad Zwischen den Hölzern,9,1991,2000
2026-08-31 10:45:03,SSD-2,Hallenbad Blaesi,41,29,70
2026-08-31 10:45:03,SSD-3,Hallenbad Bungertwies,22,6,28
2026-08-31 10:45:03,SSD-4,Hallenbad City,88,132,220
2026-08-31 10:45:03,SSD-6,Hallenbad Leimbach,37,43,80
2026-08-31 10:45:03,SSD-7,Hallenbad Oerlikon,77,123,200
2026-08-31 10:45:03,SSD-10,Seebad Utoquai,41,759,800
2026-08-31 10:45:03,seb6946,Strandbad Mythenquai,43,4457,4500
2026-08-31 10:45:03,seb6947,Strandbad Tiefenbrunnen,20,3480,3500
2026-08-31 10:45:03,seb6948,Strandbad Wollishofen,4,696,700
2026-08-31 10:45:03,SSD-5,Waermebad Kaeferberg,11,59,70
2026-08-31 10:59:19,BADI-1,Enge,29,391,420
2026-08-31 10:59:19,flb6939,Flussbad Oberer Letten,40,1160,1200
2026-08-31 10:59:19,flb6940,Flussbad Unterer Letten,4,796,800
2026-08-31 10:59:19,flb8803,Flussbad Unterer Letten (Flussteil),14,786,800
2026-08-31 10:59:19,flb6941,Frauenbad Stadthausquai,27,323,350
2026-08-31 10:59:19,fb006,Freibad Allenmoos,19,7481,7500
2026-08-31 10:59:19,fb008,Freibad Auhof,15,1986,2001
2026-08-31 10:59:19,fb012,Freibad Heuried,36,2564,2600
2026-08-31 10:59:19,LETZI-1,Freibad Letzigraben,41,3759,3800
2026-08-31 10:59:19,SSD-11,Freibad Seebach,16,1984,2000
2026-08-31 10:59:19,fb018,Freibad Zwischen den Hölzern,9,1991,2000
2026-08-31 10:59:19,SSD-2,Hallenbad Blaesi,72,-2,70
2026-08-31 10:59:19,SSD-3,Hallenbad Bungertwies,22,6,28
2026-08-31 10:59:19,SSD-4,Hallenbad City,107,113,220
2026-08-31 10:59:19,SSD-6,Hallenbad Leimbach,50,30,80
2026-08-31 10:59:19,SSD-7,Hallenbad Oerlikon,94,106,200
2026-08-31 10:59:19,SSD-10,Seebad Utoquai,43,757,800
2026-08-31 10:59:19,seb6946,Strandbad Mythenquai,52,4448,4500
2026-08-31 10:59:19,seb6947,Strandbad Tiefenbrunnen,24,3476,3500
2026-08-31 10:59:19,seb6948,Strandbad Wollishofen,5,695,700
2026-08-31 10:59:19,SSD-5,Waermebad Kaeferberg,7,63,70
2026-08-31 11:00:08,BADI-1,Enge,28,392,420
2026-08-31 11:00:08,flb6939,Flussbad Oberer Letten,36,1164,1200
2026-08-31 11:00:08,flb6940,Flussbad Unterer Letten,4,796,800
2026-08-31 11:00:08,flb8803,Flussbad Unterer Letten (Flussteil),14,786,800
2026-08-31 11:00:08,flb6941,Frauenbad Stadthausquai,26,324,350
2026-08-31 11:00:08,fb006,Freibad Allenmoos,19,7481,7500
2026-08-31 11:00:08,fb008,Freibad Auhof,15,1986,2001
2026-08-31 11:00:08,fb012,Freibad Heuried,36,2564,2600
2026-08-31 11:00:08,LETZI-1,Freibad Letzigraben,41,3759,3800
2026-08-31 11:00:08,SSD-11,Freibad Seebach,16,1984,2000
2026-08-31 11:00:08,fb018,Freibad Zwischen den Hölzern,9,1991,2000
2026-08-31 11:00:08,SSD-2,Hallenbad Blaesi,76,-6,70
2026-08-31 11:00:08,SSD-3,Hallenbad Bungertwies,22,6,28
2026-08-31 11:00:08,SSD-4,Hallenbad City,103,117,220
2026-08-31 11:00:08,SSD-6,Hallenbad Leimbach,65,15,80
2026-08-31 11:00:08,SSD-7,Hallenbad Oerlikon,93,107,200
2026-08-31 11:00:08,SSD-10,Seebad Utoquai,44,756,800
2026-08-31 11:00:08,seb6946,Strandbad Mythenquai,54,4446,4500
2026-08-31 11:00:08,seb6947,Strandbad Tiefenbrunnen,24,3476,3500
2026-08-31 11:00:08,seb6948,Strandbad Wollishofen,5,695,700
2026-08-31 11:00:08,SSD-5,Waermebad Kaeferberg,7,63,70
2026-08-31 11:14:29,BADI-1,Enge,34,386,420
2026-08-31 11:14:29,flb6939,Flussbad Oberer Letten,38,1162,1200
2026-08-31 11:14:29,flb6940,Flussbad Unterer Letten,4,796,800
2026-08-31 11:14:29,flb8803,Flussbad Unterer Letten (Flussteil),15,785,800
2026-08-31 11:14:29,flb6941,Frauenbad Stadthausquai,23,327,350
2026-08-31 11:14:29,fb006,Freibad Allenmoos,15,7485,7500
2026-08-31 11:14:29,fb008,Freibad Auhof,15,1986,2001
2026-08-31 11:14:29,fb012,Freibad Heuried,36,2564,2600
2026-08-31 11:14:29,LETZI-1,Freibad Letzigraben,35,3765,3800
2026-08-31 11:14:29,SSD-11,Freibad Seebach,20,1980,2000
2026-08-31 11:14:29,fb018,Freibad Zwischen den Hölzern,11,1989,2000
2026-08-31 11:14:29,SSD-2,Hallenbad Blaesi,61,9,70
2026-08-31 11:14:29,SSD-3,Hallenbad Bungertwies,22,6,28
2026-08-31 11:14:29,SSD-4,Hallenbad City,67,153,220
2026-08-31 11:14:29,SSD-6,Hallenbad Leimbach,68,12,80
2026-08-31 11:14:29,SSD-7,Hallenbad Oerlikon,92,108,200
2026-08-31 11:14:29,SSD-10,Seebad Utoquai,39,761,800
2026-08-31 11:14:29,seb6946,Strandbad Mythenquai,61,4439,4500
2026-08-31 11:14:29,seb6947,Strandbad Tiefenbrunnen,29,3471,3500
2026-08-31 11:14:29,seb6948,Strandbad Wollishofen,4,696,700
2026-08-31 11:14:29,SSD-5,Waermebad Kaeferberg,7,63,70
2026-08-31 11:15:03,BADI-1,Enge,34,386,420
2026-08-31 11:15:03,flb6939,Flussbad Oberer Letten,38,1162,1200
2026-08-31 11:15:03,flb6940,Flussbad Unterer Letten,4,796,800
2026-08-31 11:15:03,flb8803,Flussbad Unterer Letten (Flussteil),15,785,800
2026-08-31 11:15:03,flb6941,Frauenbad Stadthausquai,23,327,350
2026-08-31 11:15:03,fb006,Freibad Allenmoos,15,7485,7500
2026-08-31 11:15:03,fb008,Freibad Auhof,15,1986,2001
2026-08-31 11:15:03,fb012,Freibad Heuried,36,2564,2600
2026-08-31 11:15:03,LETZI-1,Freibad Letzigraben,35,3765,3800
2026-08-31 11:15:03,SSD-11,Freibad Seebach,20,1980,2000
2026-08-31 11:15:03,fb018,Freibad Zwischen den Hölzern,11,1989,2000
2026-08-31 11:15:03,SSD-2,Hallenbad Blaesi,61,9,70
2026-08-31 11:15:03,SSD-3,Hallenbad Bungertwies,21,7,28
2026-08-31 11:15:03,SSD-4,Hallenbad City,68,152,220
2026-08-31 11:15:03,SSD-6,Hallenbad Leimbach,67,13,80
2026-08-31 11:15:03,SSD-7,Hallenbad Oerlikon,93,107,200
2026-08-31 11:15:03,SSD-10,Seebad Utoquai,39,761,800
2026-08-31 11:15:03,seb6946,Strandbad Mythenquai,61,4439,4500
2026-08-31 11:15:03,seb6947,Strandbad Tiefenbrunnen,31,3469,3500
2026-08-31 11:15:03,seb6948,Strandbad Wollishofen,4,696,700
2026-08-31 11:15:03,SSD-5,Waermebad Kaeferberg,7,63,70
2026-08-31 11:29:24,BADI-1,Enge,37,383,420
2026-08-31 11:29:24,flb6939,Flussbad Oberer Letten,41,1159,1200
2026-08-31 11:29:24,flb6940,Flussbad Unterer Letten,7,793,800
2026-08-31 11:29:24,flb8803,Flussbad Unterer Letten (Flussteil),8,792,800
2026-08-31 11:29:24,flb6941,Frauenbad Stadthausquai,29,321,350
2026-08-31 11:29:24,fb006,Freibad Allenmoos,19,7481,7500
2026-08-31 11:29:24,fb008,Freibad Auhof,14,1987,2001
2026-08-31 11:29:24,fb012,Freibad Heuried,41,2559,2600
2026-08-31 11:29:24,LETZI-1,Freibad Letzigraben,36,3764,3800
2026-08-31 11:29:24,SSD-11,Freibad Seebach,21,1979,2000
2026-08-31 11:29:24,fb018,Freibad Zwischen den Hölzern,13,1987,2000
2026-08-31 11:29:24,SSD-2,Hallenbad Blaesi,45,25,70
2026-08-31 11:29:24,SSD-3,Hallenbad Bungertwies,19,9,28
2026-08-31 11:29:24,SSD-4,Hallenbad City,65,155,220
2026-08-31 11:29:24,SSD-6,Hallenbad Leimbach,37,43,80
2026-08-31 11:29:24,SSD-7,Hallenbad Oerlikon,78,122,200
2026-08-31 11:29:24,SSD-10,Seebad Utoquai,47,753,800
2026-08-31 11:29:24,seb6946,Strandbad Mythenquai,64,4436,4500
2026-08-31 11:29:24,seb6947,Strandbad Tiefenbrunnen,34,3466,3500
2026-08-31 11:29:24,seb6948,Strandbad Wollishofen,5,695,700
2026-08-31 11:29:24,SSD-5,Waermebad Kaeferberg,10,60,70
2026-08-31 11:30:05,BADI-1,Enge,37,383,420
2026-08-31 11:30:05,flb6939,Flussbad Oberer Letten,43,1157,1200
2026-08-31 11:30:05,flb6940,Flussbad Unterer Letten,7,793,800
2026-08-31 11:30:05,flb8803,Flussbad Unterer Letten (Flussteil),8,792,800
2026-08-31 11:30:05,flb6941,Frauenbad Stadthausquai,29,321,350
2026-08-31 11:30:05,fb006,Freibad Allenmoos,19,7481,7500
2026-08-31 11:30:05,fb008,Freibad Auhof,13,1988,2001
2026-08-31 11:30:05,fb012,Freibad Heuried,42,2558,2600
2026-08-31 11:30:05,LETZI-1,Freibad Letzigraben,37,3763,3800
2026-08-31 11:30:05,SSD-11,Freibad Seebach,20,1980,2000
2026-08-31 11:30:05,fb018,Freibad Zwischen den Hölzern,13,1987,2000
2026-08-31 11:30:05,SSD-2,Hallenbad Blaesi,41,29,70
2026-08-31 11:30:05,SSD-3,Hallenbad Bungertwies,20,8,28
2026-08-31 11:30:05,SSD-4,Hallenbad City,65,155,220
2026-08-31 11:30:05,SSD-6,Hallenbad Leimbach,37,43,80
2026-08-31 11:30:05,SSD-7,Hallenbad Oerlikon,79,121,200
2026-08-31 11:30:05,SSD-10,Seebad Utoquai,47,753,800
2026-08-31 11:30:05,seb6946,Strandbad Mythenquai,64,4436,4500
2026-08-31 11:30:05,seb6947,Strandbad Tiefenbrunnen,34,3466,3500
2026-08-31 11:30:05,seb6948,Strandbad Wollishofen,5,695,700
2026-08-31 11:30:05,SSD-5,Waermebad Kaeferberg,10,60,70
2026-08-31 11:44:25,BADI-1,Enge,36,384,420
2026-08-31 11:44:25,flb6939,Flussbad Oberer Letten,42,1158,1200
2026-08-31 11:44:25,flb6940,Flussbad Unterer Letten,6,794,800
2026-08-31 11:44:25,flb8803,Flussbad Unterer Letten (Flussteil),10,790,800
2026-08-31 11:44:25,flb6941,Frauenbad Stadthausquai,27,323,350
2026-08-31 11:44:25,fb006,Freibad Allenmoos,23,7477,7500
2026-08-31 11:44:25,fb008,Freibad Auhof,16,1985,2001
2026-08-31 11:44:25,fb012,Freibad Heuried,45,2555,2600
2026-08-31 11:44:25,LETZI-1,Freibad Letzigraben,36,3764,3800
2026-08-31 11:44:25,SSD-11,Freibad Seebach,25,1975,2000
2026-08-31 11:44:25,fb018,Freibad Zwischen den Hölzern,14,1986,2000
2026-08-31 11:44:25,SSD-2,Hallenbad Blaesi,38,32,70
2026-08-31 11:44:25,SSD-3,Hallenbad Bungertwies,20,8,28
2026-08-31 11:44:25,SSD-4,Hallenbad City,69,151,220
2026-08-31 11:44:25,SSD-6,Hallenbad Leimbach,37,43,80
2026-08-31 11:44:25,SSD-7,Hallenbad Oerlikon,57,143,200
2026-08-31 11:44:25,SSD-10,Seebad Utoquai,66,734,800
2026-08-31 11:44:25,seb6946,Strandbad Mythenquai,62,4438,4500
2026-08-31 11:44:25,seb6947,Strandbad Tiefenbrunnen,48,3452,3500
2026-08-31 11:44:25,seb6948,Strandbad Wollishofen,5,695,700
2026-08-31 11:44:25,SSD-5,Waermebad Kaeferberg,10,60,70
2026-08-31 11:45:04,BADI-1,Enge,36,384,420
2026-08-31 11:45:04,flb6939,Flussbad Oberer Letten,42,1158,1200
2026-08-31 11:45:04,flb6940,Flussbad Unterer Letten,6,794,800
2026-08-31 11:45:04,flb8803,Flussbad Unterer Letten (Flussteil),11,789,800
2026-08-31 11:45:04,flb6941,Frauenbad Stadthausquai,27,323,350
2026-08-31 11:45:04,fb006,Freibad Allenmoos,24,7476,7500
2026-08-31 11:45:04,fb008,Freibad Auhof,16,1985,2001
2026-08-31 11:45:04,fb012,Freibad Heuried,45,2555,2600
2026-08-31 11:45:04,LETZI-1,Freibad Letzigraben,37,3763,3800
2026-08-31 11:45:04,SSD-11,Freibad Seebach,27,1973,2000
2026-08-31 11:45:04,fb018,Freibad Zwischen den Hölzern,15,1985,2000
2026-08-31 11:45:04,SSD-2,Hallenbad Blaesi,38,32,70
2026-08-31 11:45:04,SSD-3,Hallenbad Bungertwies,20,8,28
2026-08-31 11:45:04,SSD-4,Hallenbad City,72,148,220
2026-08-31 11:45:04,SSD-6,Hallenbad Leimbach,37,43,80
2026-08-31 11:45:04,SSD-7,Hallenbad Oerlikon,58,142,200
2026-08-31 11:45:04,SSD-10,Seebad Utoquai,65,735,800
2026-08-31 11:45:04,seb6946,Strandbad Mythenquai,62,4438,4500
2026-08-31 11:45:04,seb6947,Strandbad Tiefenbrunnen,48,3452,3500
2026-08-31 11:45:04,seb6948,Strandbad Wollishofen,5,695,700
2026-08-31 11:45:04,SSD-5,Waermebad Kaeferberg,10,60,70
2026-08-31 11:59:21,BADI-1,Enge,37,383,420
2026-08-31 11:59:21,flb6939,Flussbad Oberer Letten,40,1160,1200
2026-08-31 11:59:21,flb6940,Flussbad Unterer Letten,8,792,800
2026-08-31 11:59:21,flb8803,Flussbad Unterer Letten (Flussteil),26,774,800
2026-08-31 11:59:21,flb6941,Frauenbad Stadthausquai,32,318,350
2026-08-31 11:59:21,fb006,Freibad Allenmoos,31,7469,7500
2026-08-31 11:59:21,fb008,Freibad Auhof,16,1985,2001
2026-08-31 11:59:21,fb012,Freibad Heuried,47,2553,2600
2026-08-31 11:59:21,LETZI-1,Freibad Letzigraben,42,3758,3800
2026-08-31 11:59:21,SSD-11,Freibad Seebach,22,1978,2000
2026-08-31 11:59:21,fb018,Freibad Zwischen den Hölzern,19,1981,2000
2026-08-31 11:59:21,SSD-2,Hallenbad Blaesi,23,47,70
2026-08-31 11:59:21,SSD-3,Hallenbad Bungertwies,20,8,28
2026-08-31 11:59:21,SSD-4,Hallenbad City,89,131,220
2026-08-31 11:59:21,SSD-6,Hallenbad Leimbach,24,56,80
2026-08-31 11:59:21,SSD-7,Hallenbad Oerlikon,77,123,200
2026-08-31 11:59:21,SSD-10,Seebad Utoquai,69,731,800
2026-08-31 11:59:21,seb6946,Strandbad Mythenquai,66,4434,4500
2026-08-31 11:59:21,seb6947,Strandbad Tiefenbrunnen,59,3441,3500
2026-08-31 11:59:21,seb6948,Strandbad Wollishofen,6,694,700
2026-08-31 11:59:21,SSD-5,Waermebad Kaeferberg,8,62,70
2026-08-31 12:00:06,BADI-1,Enge,38,382,420
2026-08-31 12:00:06,flb6939,Flussbad Oberer Letten,41,1159,1200
2026-08-31 12:00:06,flb6940,Flussbad Unterer Letten,8,792,800
2026-08-31 12:00:06,flb8803,Flussbad Unterer Letten (Flussteil),26,774,800
2026-08-31 12:00:06,flb6941,Frauenbad Stadthausquai,32,318,350
2026-08-31 12:00:06,fb006,Freibad Allenmoos,31,7469,7500
2026-08-31 12:00:06,fb008,Freibad Auhof,16,1985,2001
2026-08-31 12:00:06,fb012,Freibad Heuried,44,2556,2600
2026-08-31 12:00:06,LETZI-1,Freibad Letzigraben,42,3758,3800
2026-08-31 12:00:06,SSD-11,Freibad Seebach,22,1978,2000
2026-08-31 12:00:06,fb018,Freibad Zwischen den Hölzern,19,1981,2000
2026-08-31 12:00:06,SSD-2,Hallenbad Blaesi,26,44,70
2026-08-31 12:00:06,SSD-3,Hallenbad Bungertwies,17,11,28
2026-08-31 12:00:06,SSD-4,Hallenbad City,92,128,220
2026-08-31 12:00:06,SSD-6,Hallenbad Leimbach,26,54,80
2026-08-31 12:00:06,SSD-7,Hallenbad Oerlikon,73,127,200
2026-08-31 12:00:06,SSD-10,Seebad Utoquai,67,733,800
2026-08-31 12:00:06,seb6946,Strandbad Mythenquai,66,4434,4500
2026-08-31 12:00:06,seb6947,Strandbad Tiefenbrunnen,59,3441,3500
2026-08-31 12:00:06,seb6948,Strandbad Wollishofen,6,694,700
2026-08-31 12:00:06,SSD-5,Waermebad Kaeferberg,8,62,70
2026-08-31 12:14:25,BADI-1,Enge,52,368,420
2026-08-31 12:14:25,flb6939,Flussbad Oberer Letten,45,1155,1200
2026-08-31 12:14:25,flb6940,Flussbad Unterer Letten,8,792,800
2026-08-31 12:14:25,flb8803,Flussbad Unterer Letten (Flussteil),24,776,800
2026-08-31 12:14:25,flb6941,Frauenbad Stadthausquai,35,315,350
2026-08-31 12:14:25,fb006,Freibad Allenmoos,37,7463,7500
2026-08-31 12:14:25,fb008,Freibad Auhof,17,1984,2001
2026-08-31 12:14:25,fb012,Freibad Heuried,33,2567,2600
2026-08-31 12:14:25,LETZI-1,Freibad Letzigraben,47,3753,3800
2026-08-31 12:14:25,SSD-11,Freibad Seebach,27,1973,2000
2026-08-31 12:14:25,fb018,Freibad Zwischen den Hölzern,19,1981,2000
2026-08-31 12:14:25,SSD-2,Hallenbad Blaesi,11,59,70
2026-08-31 12:14:25,SSD-3,Hallenbad Bungertwies,7,21,28
2026-08-31 12:14:25,SSD-4,Hallenbad City,95,125,220
2026-08-31 12:14:25,SSD-6,Hallenbad Leimbach,16,64,80
2026-08-31 12:14:25,SSD-7,Hallenbad Oerlikon,53,147,200
2026-08-31 12:14:25,SSD-10,Seebad Utoquai,84,716,800
2026-08-31 12:14:25,seb6946,Strandbad Mythenquai,65,4435,4500
2026-08-31 12:14:25,seb6947,Strandbad Tiefenbrunnen,85,3415,3500
2026-08-31 12:14:25,seb6948,Strandbad Wollishofen,7,693,700
2026-08-31 12:14:25,SSD-5,Waermebad Kaeferberg,8,62,70
2026-08-31 12:15:13,BADI-1,Enge,53,367,420
2026-08-31 12:15:13,flb6939,Flussbad Oberer Letten,46,1154,1200
2026-08-31 12:15:13,flb6940,Flussbad Unterer Letten,9,791,800
2026-08-31 12:15:13,flb8803,Flussbad Unterer Letten (Flussteil),24,776,800
2026-08-31 12:15:13,flb6941,Frauenbad Stadthausquai,35,315,350
2026-08-31 12:15:13,fb006,Freibad Allenmoos,35,7465,7500
2026-08-31 12:15:13,fb008,Freibad Auhof,17,1984,2001
2026-08-31 12:15:13,fb012,Freibad Heuried,33,2567,2600
2026-08-31 12:15:13,LETZI-1,Freibad Letzigraben,47,3753,3800
2026-08-31 12:15:13,SSD-11,Freibad Seebach,27,1973,2000
2026-08-31 12:15:13,fb018,Freibad Zwischen den Hölzern,19,1981,2000
2026-08-31 12:15:13,SSD-2,Hallenbad Blaesi,10,60,70
2026-08-31 12:15:13,SSD-3,Hallenbad Bungertwies,7,21,28
2026-08-31 12:15:13,SSD-4,Hallenbad City,96,124,220
2026-08-31 12:15:13,SSD-6,Hallenbad Leimbach,18,62,80
2026-08-31 12:15:13,SSD-7,Hallenbad Oerlikon,52,148,200
2026-08-31 12:15:13,SSD-10,Seebad Utoquai,84,716,800
2026-08-31 12:15:13,seb6946,Strandbad Mythenquai,65,4435,4500
2026-08-31 12:15:13,seb6947,Strandbad Tiefenbrunnen,85,3415,3500
2026-08-31 12:15:13,seb6948,Strandbad Wollishofen,7,693,700
2026-08-31 12:15:13,SSD-5,Waermebad Kaeferberg,8,62,70
2026-08-31 12:29:30,BADI-1,Enge,59,361,420
2026-08-31 12:29:30,flb6939,Flussbad Oberer Letten,52,1148,1200
2026-08-31 12:29:30,flb6940,Flussbad Unterer Letten,8,792,800
2026-08-31 12:29:30,flb8803,Flussbad Unterer Letten (Flussteil),20,780,800
2026-08-31 12:29:30,flb6941,Frauenbad Stadthausquai,40,310,350
2026-08-31 12:29:30,fb006,Freibad Allenmoos,38,7462,7500
2026-08-31 12:29:30,fb008,Freibad Auhof,16,1985,2001
2026-08-31 12:29:30,fb012,Freibad Heuried,33,2567,2600
2026-08-31 12:29:30,LETZI-1,Freibad Letzigraben,60,3740,3800
2026-08-31 12:29:30,SSD-11,Freibad Seebach,26,1974,2000
2026-08-31 12:29:30,fb018,Freibad Zwischen den Hölzern,17,1983,2000
2026-08-31 12:29:30,SSD-2,Hallenbad Blaesi,8,62,70
2026-08-31 12:29:30,SSD-3,Hallenbad Bungertwies,9,19,28
2026-08-31 12:29:30,SSD-4,Hallenbad City,92,128,220
2026-08-31 12:29:30,SSD-6,Hallenbad Leimbach,18,62,80
2026-08-31 12:29:30,SSD-7,Hallenbad Oerlikon,49,151,200
2026-08-31 12:29:30,SSD-10,Seebad Utoquai,99,701,800
2026-08-31 12:29:30,seb6946,Strandbad Mythenquai,65,4435,4500
2026-08-31 12:29:30,seb6947,Strandbad Tiefenbrunnen,88,3412,3500
2026-08-31 12:29:30,seb6948,Strandbad Wollishofen,9,691,700
2026-08-31 12:29:30,SSD-5,Waermebad Kaeferberg,7,63,70
2026-08-31 12:30:07,BADI-1,Enge,59,361,420
2026-08-31 12:30:07,flb6939,Flussbad Oberer Letten,52,1148,1200
2026-08-31 12:30:07,flb6940,Flussbad Unterer Letten,8,792,800
2026-08-31 12:30:07,flb8803,Flussbad Unterer Letten (Flussteil),20,780,800
2026-08-31 12:30:07,flb6941,Frauenbad Stadthausquai,40,310,350
2026-08-31 12:30:07,fb006,Freibad Allenmoos,38,7462,7500
2026-08-31 12:30:07,fb008,Freibad Auhof,16,1985,2001
2026-08-31 12:30:07,fb012,Freibad Heuried,33,2567,2600
2026-08-31 12:30:07,LETZI-1,Freibad Letzigraben,62,3738,3800
2026-08-31 12:30:07,SSD-11,Freibad Seebach,26,1974,2000
2026-08-31 12:30:07,fb018,Freibad Zwischen den Hölzern,17,1983,2000
2026-08-31 12:30:07,SSD-2,Hallenbad Blaesi,9,61,70
2026-08-31 12:30:07,SSD-3,Hallenbad Bungertwies,9,19,28
2026-08-31 12:30:07,SSD-4,Hallenbad City,92,128,220
2026-08-31 12:30:07,SSD-6,Hallenbad Leimbach,18,62,80
2026-08-31 12:30:07,SSD-7,Hallenbad Oerlikon,49,151,200
2026-08-31 12:30:07,SSD-10,Seebad Utoquai,101,699,800
2026-08-31 12:30:07,seb6946,Strandbad Mythenquai,65,4435,4500
2026-08-31 12:30:07,seb6947,Strandbad Tiefenbrunnen,88,3412,3500
2026-08-31 12:30:07,seb6948,Strandbad Wollishofen,9,691,700
2026-08-31 12:30:07,SSD-5,Waermebad Kaeferberg,7,63,70
2026-08-31 12:44:26,BADI-1,Enge,70,350,420
2026-08-31 12:44:26,flb6939,Flussbad Oberer Letten,44,1156,1200
2026-08-31 12:44:26,flb6940,Flussbad Unterer Letten,9,791,800
2026-08-31 12:44:26,flb8803,Flussbad Unterer Letten (Flussteil),19,781,800
2026-08-31 12:44:26,flb6941,Frauenbad Stadthausquai,39,311,350
2026-08-31 12:44:26,fb006,Freibad Allenmoos,62,7438,7500
2026-08-31 12:44:26,fb008,Freibad Auhof,17,1984,2001
2026-08-31 12:44:26,fb012,Freibad Heuried,46,2554,2600
2026-08-31 12:44:26,LETZI-1,Freibad Letzigraben,65,3735,3800
2026-08-31 12:44:26,SSD-11,Freibad Seebach,22,1978,2000
2026-08-31 12:44:26,fb018,Freibad Zwischen den Hölzern,17,1983,2000
2026-08-31 12:44:26,SSD-2,Hallenbad Blaesi,15,55,70
2026-08-31 12:44:26,SSD-3,Hallenbad Bungertwies,8,20,28
2026-08-31 12:44:26,SSD-4,Hallenbad City,96,124,220
2026-08-31 12:44:26,SSD-6,Hallenbad Leimbach,16,64,80
2026-08-31 12:44:26,SSD-7,Hallenbad Oerlikon,48,152,200
2026-08-31 12:44:26,SSD-10,Seebad Utoquai,105,695,800
2026-08-31 12:44:26,seb6946,Strandbad Mythenquai,72,4428,4500
2026-08-31 12:44:26,seb6947,Strandbad Tiefenbrunnen,94,3406,3500
2026-08-31 12:44:26,seb6948,Strandbad Wollishofen,9,691,700
2026-08-31 12:44:26,SSD-5,Waermebad Kaeferberg,9,61,70
2026-08-31 12:45:04,BADI-1,Enge,70,350,420
2026-08-31 12:45:04,flb6939,Flussbad Oberer Letten,44,1156,1200
2026-08-31 12:45:04,flb6940,Flussbad Unterer Letten,8,792,800
2026-08-31 12:45:04,flb8803,Flussbad Unterer Letten (Flussteil),19,781,800
2026-08-31 12:45:04,flb6941,Frauenbad Stadthausquai,39,311,350
2026-08-31 12:45:04,fb006,Freibad Allenmoos,62,7438,7500
2026-08-31 12:45:04,fb008,Freibad Auhof,17,1984,2001
2026-08-31 12:45:04,fb012,Freibad Heuried,45,2555,2600
2026-08-31 12:45:04,LETZI-1,Freibad Letzigraben,64,3736,3800
2026-08-31 12:45:04,SSD-11,Freibad Seebach,22,1978,2000
2026-08-31 12:45:04,fb018,Freibad Zwischen den Hölzern,17,1983,2000
2026-08-31 12:45:04,SSD-2,Hallenbad Blaesi,15,55,70
2026-08-31 12:45:04,SSD-3,Hallenbad Bungertwies,8,20,28
2026-08-31 12:45:04,SSD-4,Hallenbad City,97,123,220
2026-08-31 12:45:04,SSD-6,Hallenbad Leimbach,16,64,80
2026-08-31 12:45:04,SSD-7,Hallenbad Oerlikon,47,153,200
2026-08-31 12:45:04,SSD-10,Seebad Utoquai,104,696,800
2026-08-31 12:45:04,seb6946,Strandbad Mythenquai,72,4428,4500
2026-08-31 12:45:04,seb6947,Strandbad Tiefenbrunnen,94,3406,3500
2026-08-31 12:45:04,seb6948,Strandbad Wollishofen,9,691,700
2026-08-31 12:45:04,SSD-5,Waermebad Kaeferberg,9,61,70
2026-08-31 12:59:27,BADI-1,Enge,72,348,420
2026-08-31 12:59:27,flb6939,Flussbad Oberer Letten,46,1154,1200
2026-08-31 12:59:27,flb6940,Flussbad Unterer Letten,22,778,800
2026-08-31 12:59:27,flb8803,Flussbad Unterer Letten (Flussteil),20,780,800
2026-08-31 12:59:27,flb6941,Frauenbad Stadthausquai,38,312,350
2026-08-31 12:59:27,fb006,Freibad Allenmoos,67,7433,7500
2026-08-31 12:59:27,fb008,Freibad Auhof,18,1983,2001
2026-08-31 12:59:27,fb012,Freibad Heuried,43,2557,2600
2026-08-31 12:59:27,LETZI-1,Freibad Letzigraben,63,3737,3800
2026-08-31 12:59:27,SSD-11,Freibad Seebach,19,1981,2000
2026-08-31 12:59:27,fb018,Freibad Zwischen den Hölzern,17,1983,2000
2026-08-31 12:59:27,SSD-2,Hallenbad Blaesi,13,57,70
2026-08-31 12:59:27,SSD-3,Hallenbad Bungertwies,8,20,28
2026-08-31 12:59:27,SSD-4,Hallenbad City,88,132,220
2026-08-31 12:59:27,SSD-6,Hallenbad Leimbach,15,65,80
2026-08-31 12:59:27,SSD-7,Hallenbad Oerlikon,48,152,200
2026-08-31 12:59:27,SSD-10,Seebad Utoquai,100,700,800
2026-08-31 12:59:27,seb6946,Strandbad Mythenquai,86,4414,4500
2026-08-31 12:59:27,seb6947,Strandbad Tiefenbrunnen,86,3414,3500
2026-08-31 12:59:27,seb6948,Strandbad Wollishofen,7,693,700
2026-08-31 12:59:27,SSD-5,Waermebad Kaeferberg,10,60,70
2026-08-31 13:00:04,BADI-1,Enge,72,348,420
2026-08-31 13:00:04,flb6939,Flussbad Oberer Letten,46,1154,1200
2026-08-31 13:00:04,flb6940,Flussbad Unterer Letten,20,780,800
2026-08-31 13:00:04,flb8803,Flussbad Unterer Letten (Flussteil),21,779,800
2026-08-31 13:00:04,flb6941,Frauenbad Stadthausquai,39,311,350
2026-08-31 13:00:04,fb006,Freibad Allenmoos,67,7433,7500
2026-08-31 13:00:04,fb008,Freibad Auhof,21,1980,2001
2026-08-31 13:00:04,fb012,Freibad Heuried,42,2558,2600
2026-08-31 13:00:04,LETZI-1,Freibad Letzigraben,64,3736,3800
2026-08-31 13:00:04,SSD-11,Freibad Seebach,19,1981,2000
2026-08-31 13:00:04,fb018,Freibad Zwischen den Hölzern,17,1983,2000
2026-08-31 13:00:04,SSD-2,Hallenbad Blaesi,13,57,70
2026-08-31 13:00:04,SSD-3,Hallenbad Bungertwies,8,20,28
2026-08-31 13:00:04,SSD-4,Hallenbad City,87,133,220
2026-08-31 13:00:04,SSD-6,Hallenbad Leimbach,15,65,80
2026-08-31 13:00:04,SSD-7,Hallenbad Oerlikon,48,152,200
2026-08-31 13:00:04,SSD-10,Seebad Utoquai,99,701,800
2026-08-31 13:00:04,seb6946,Strandbad Mythenquai,86,4414,4500
2026-08-31 13:00:04,seb6947,Strandbad Tiefenbrunnen,83,3417,3500
2026-08-31 13:00:04,seb6948,Strandbad Wollishofen,7,693,700
2026-08-31 13:00:04,SSD-5,Waermebad Kaeferberg,10,60,70
2026-08-31 13:14:25,BADI-1,Enge,69,351,420
2026-08-31 13:14:25,flb6939,Flussbad Oberer Letten,38,1162,1200
2026-08-31 13:14:25,flb6940,Flussbad Unterer Letten,22,778,800
2026-08-31 13:14:25,flb8803,Flussbad Unterer Letten (Flussteil),24,776,800
2026-08-31 13:14:25,flb6941,Frauenbad Stadthausquai,36,314,350
2026-08-31 13:14:25,fb006,Freibad Allenmoos,65,7435,7500
2026-08-31 13:14:25,fb008,Freibad Auhof,19,1982,2001
2026-08-31 13:14:25,fb012,Freibad Heuried,44,2556,2600
2026-08-31 13:14:25,LETZI-1,Freibad Letzigraben,55,3745,3800
2026-08-31 13:14:25,SSD-11,Freibad Seebach,18,1982,2000
2026-08-31 13:14:25,fb018,Freibad Zwischen den Hölzern,19,1981,2000
2026-08-31 13:14:25,SSD-2,Hallenbad Blaesi,13,57,70
2026-08-31 13:14:25,SSD-3,Hallenbad Bungertwies,7,21,28
2026-08-31 13:14:25,SSD-4,Hallenbad City,74,146,220
2026-08-31 13:14:25,SSD-6,Hallenbad Leimbach,16,64,80
2026-08-31 13:14:25,SSD-7,Hallenbad Oerlikon,66,134,200
2026-08-31 13:14:25,SSD-10,Seebad Utoquai,94,706,800
2026-08-31 13:14:25,seb6946,Strandbad Mythenquai,91,4409,4500
2026-08-31 13:14:25,seb6947,Strandbad Tiefenbrunnen,87,3413,3500
2026-08-31 13:14:25,seb6948,Strandbad Wollishofen,8,692,700
2026-08-31 13:14:25,SSD-5,Waermebad Kaeferberg,10,60,70
2026-08-31 13:15:04,BADI-1,Enge,69,351,420
2026-08-31 13:15:04,flb6939,Flussbad Oberer Letten,38,1162,1200
2026-08-31 13:15:04,flb6940,Flussbad Unterer Letten,20,780,800
2026-08-31 13:15:04,flb8803,Flussbad Unterer Letten (Flussteil),24,776,800
2026-08-31 13:15:04,flb6941,Frauenbad Stadthausquai,37,313,350
2026-08-31 13:15:04,fb006,Freibad Allenmoos,63,7437,7500
2026-08-31 13:15:04,fb008,Freibad Auhof,19,1982,2001
2026-08-31 13:15:04,fb012,Freibad Heuried,44,2556,2600
2026-08-31 13:15:04,LETZI-1,Freibad Letzigraben,54,3746,3800
2026-08-31 13:15:04,SSD-11,Freibad Seebach,18,1982,2000
2026-08-31 13:15:04,fb018,Freibad Zwischen den Hölzern,19,1981,2000
2026-08-31 13:15:04,SSD-2,Hallenbad Blaesi,13,57,70
2026-08-31 13:15:04,SSD-3,Hallenbad Bungertwies,7,21,28
2026-08-31 13:15:04,SSD-4,Hallenbad City,71,149,220
2026-08-31 13:15:04,SSD-6,Hallenbad Leimbach,17,63,80
2026-08-31 13:15:04,SSD-7,Hallenbad Oerlikon,62,138,200
2026-08-31 13:15:04,SSD-10,Seebad Utoquai,94,706,800
2026-08-31 13:15:04,seb6946,Strandbad Mythenquai,92,4408,4500
2026-08-31 13:15:04,seb6947,Strandbad Tiefenbrunnen,87,3413,3500
2026-08-31 13:15:04,seb6948,Strandbad Wollishofen,8,692,700
2026-08-31 13:15:04,SSD-5,Waermebad Kaeferberg,11,59,70
2026-08-31 13:30:04,BADI-1,Enge,65,355,420
2026-08-31 13:30:04,flb6939,Flussbad Oberer Letten,40,1160,1200
2026-08-31 13:30:04,flb6940,Flussbad Unterer Letten,13,787,800
2026-08-31 13:30:04,flb8803,Flussbad Unterer Letten (Flussteil),26,774,800
2026-08-31 13:30:04,flb6941,Frauenbad Stadthausquai,37,313,350
2026-08-31 13:30:04,fb006,Freibad Allenmoos,68,7432,7500
2026-08-31 13:30:04,fb008,Freibad Auhof,14,1987,2001
2026-08-31 13:30:04,fb012,Freibad Heuried,43,2557,2600
2026-08-31 13:30:04,LETZI-1,Freibad Letzigraben,55,3745,3800
2026-08-31 13:30:04,SSD-11,Freibad Seebach,16,1984,2000
2026-08-31 13:30:04,fb018,Freibad Zwischen den Hölzern,17,1983,2000
2026-08-31 13:30:04,SSD-2,Hallenbad Blaesi,16,54,70
2026-08-31 13:30:04,SSD-3,Hallenbad Bungertwies,31,-3,28
2026-08-31 13:30:04,SSD-4,Hallenbad City,77,143,220
2026-08-31 13:30:04,SSD-6,Hallenbad Leimbach,36,44,80
2026-08-31 13:30:04,SSD-7,Hallenbad Oerlikon,45,155,200
2026-08-31 13:30:04,SSD-10,Seebad Utoquai,108,692,800
2026-08-31 13:30:04,seb6946,Strandbad Mythenquai,91,4409,4500
2026-08-31 13:30:04,seb6947,Strandbad Tiefenbrunnen,90,3410,3500
2026-08-31 13:30:04,seb6948,Strandbad Wollishofen,7,693,700
2026-08-31 13:30:04,SSD-5,Waermebad Kaeferberg,12,58,70
2026-08-31 13:44:24,BADI-1,Enge,66,354,420
2026-08-31 13:44:24,flb6939,Flussbad Oberer Letten,40,1160,1200
2026-08-31 13:44:24,flb6940,Flussbad Unterer Letten,15,785,800
2026-08-31 13:44:24,flb8803,Flussbad Unterer Letten (Flussteil),36,764,800
2026-08-31 13:44:24,flb6941,Frauenbad Stadthausquai,34,316,350
2026-08-31 13:44:24,fb006,Freibad Allenmoos,70,7430,7500
2026-08-31 13:44:24,fb008,Freibad Auhof,28,1973,2001
2026-08-31 13:44:24,fb012,Freibad Heuried,46,2554,2600
2026-08-31 13:44:24,LETZI-1,Freibad Letzigraben,65,3735,3800
2026-08-31 13:44:24,SSD-11,Freibad Seebach,13,1987,2000
2026-08-31 13:44:24,fb018,Freibad Zwischen den Hölzern,15,1985,2000
2026-08-31 13:44:24,SSD-2,Hallenbad Blaesi,33,37,70
2026-08-31 13:44:24,SSD-3,Hallenbad Bungertwies,27,1,28
2026-08-31 13:44:24,SSD-4,Hallenbad City,69,151,220
2026-08-31 13:44:24,SSD-6,Hallenbad Leimbach,34,46,80
2026-08-31 13:44:24,SSD-7,Hallenbad Oerlikon,42,158,200
2026-08-31 13:44:24,SSD-10,Seebad Utoquai,103,697,800
2026-08-31 13:44:24,seb6946,Strandbad Mythenquai,100,4400,4500
2026-08-31 13:44:24,seb6947,Strandbad Tiefenbrunnen,97,3403,3500
2026-08-31 13:44:24,seb6948,Strandbad Wollishofen,8,692,700
2026-08-31 13:44:24,SSD-5,Waermebad Kaeferberg,11,59,70
2026-08-31 13:45:06,BADI-1,Enge,66,354,420
2026-08-31 13:45:06,flb6939,Flussbad Oberer Letten,41,1159,1200
2026-08-31 13:45:06,flb6940,Flussbad Unterer Letten,15,785,800
2026-08-31 13:45:06,flb8803,Flussbad Unterer Letten (Flussteil),36,764,800
2026-08-31 13:45:06,flb6941,Frauenbad Stadthausquai,34,316,350
2026-08-31 13:45:06,fb006,Freibad Allenmoos,71,7429,7500
2026-08-31 13:45:06,fb008,Freibad Auhof,28,1973,2001
2026-08-31 13:45:06,fb012,Freibad Heuried,46,2554,2600
2026-08-31 13:45:06,LETZI-1,Freibad Letzigraben,63,3737,3800
2026-08-31 13:45:06,SSD-11,Freibad Seebach,13,1987,2000
2026-08-31 13:45:06,fb018,Freibad Zwischen den Hölzern,15,1985,2000
2026-08-31 13:45:06,SSD-2,Hallenbad Blaesi,32,38,70
2026-08-31 13:45:06,SSD-3,Hallenbad Bungertwies,27,1,28
2026-08-31 13:45:06,SSD-4,Hallenbad City,68,152,220
2026-08-31 13:45:06,SSD-6,Hallenbad Leimbach,34,46,80
2026-08-31 13:45:06,SSD-7,Hallenbad Oerlikon,40,160,200
2026-08-31 13:45:06,SSD-10,Seebad Utoquai,104,696,800
2026-08-31 13:45:06,seb6946,Strandbad Mythenquai,100,4400,4500
2026-08-31 13:45:06,seb6947,Strandbad Tiefenbrunnen,101,3399,3500
2026-08-31 13:45:06,seb6948,Strandbad Wollishofen,8,692,700
2026-08-31 13:45:06,SSD-5,Waermebad Kaeferberg,11,59,70
2026-08-31 13:59:24,BADI-1,Enge,63,357,420
2026-08-31 13:59:24,flb6939,Flussbad Oberer Letten,51,1149,1200
2026-08-31 13:59:24,flb6940,Flussbad Unterer Letten,7,793,800
2026-08-31 13:59:24,flb8803,Flussbad Unterer Letten (Flussteil),33,767,800
2026-08-31 13:59:24,flb6941,Frauenbad Stadthausquai,38,312,350
2026-08-31 13:59:24,fb006,Freibad Allenmoos,71,7429,7500
2026-08-31 13:59:24,fb008,Freibad Auhof,29,1972,2001
2026-08-31 13:59:24,fb012,Freibad Heuried,59,2541,2600
2026-08-31 13:59:24,LETZI-1,Freibad Letzigraben,57,3743,3800
2026-08-31 13:59:24,SSD-11,Freibad Seebach,17,1983,2000
2026-08-31 13:59:24,fb018,Freibad Zwischen den Hölzern,18,1982,2000
2026-08-31 13:59:24,SSD-2,Hallenbad Blaesi,31,39,70
2026-08-31 13:59:24,SSD-3,Hallenbad Bungertwies,26,2,28
2026-08-31 13:59:24,SSD-4,Hallenbad City,72,148,220
2026-08-31 13:59:24,SSD-6,Hallenbad Leimbach,48,32,80
2026-08-31 13:59:24,SSD-7,Hallenbad Oerlikon,50,150,200
2026-08-31 13:59:24,SSD-10,Seebad Utoquai,117,683,800
2026-08-31 13:59:24,seb6946,Strandbad Mythenquai,108,4392,4500
2026-08-31 13:59:24,seb6947,Strandbad Tiefenbrunnen,82,3418,3500
2026-08-31 13:59:24,seb6948,Strandbad Wollishofen,10,690,700
2026-08-31 13:59:24,SSD-5,Waermebad Kaeferberg,13,57,70
2026-08-31 14:00:06,BADI-1,Enge,63,357,420
2026-08-31 14:00:06,flb6939,Flussbad Oberer Letten,52,1148,1200
2026-08-31 14:00:06,flb6940,Flussbad Unterer Letten,7,793,800
2026-08-31 14:00:06,flb8803,Flussbad Unterer Letten (Flussteil),33,767,800
2026-08-31 14:00:06,flb6941,Frauenbad Stadthausquai,39,311,350
2026-08-31 14:00:06,fb006,Freibad Allenmoos,71,7429,7500
2026-08-31 14:00:06,fb008,Freibad Auhof,29,1972,2001
2026-08-31 14:00:06,fb012,Freibad Heuried,58,2542,2600
2026-08-31 14:00:06,LETZI-1,Freibad Letzigraben,57,3743,3800
2026-08-31 14:00:06,SSD-11,Freibad Seebach,17,1983,2000
2026-08-31 14:00:06,fb018,Freibad Zwischen den Hölzern,18,1982,2000
2026-08-31 14:00:06,SSD-2,Hallenbad Blaesi,31,39,70
2026-08-31 14:00:06,SSD-3,Hallenbad Bungertwies,26,2,28
2026-08-31 14:00:06,SSD-4,Hallenbad City,74,146,220
2026-08-31 14:00:06,SSD-6,Hallenbad Leimbach,55,25,80
2026-08-31 14:00:06,SSD-7,Hallenbad Oerlikon,50,150,200
2026-08-31 14:00:06,SSD-10,Seebad Utoquai,117,683,800
2026-08-31 14:00:06,seb6946,Strandbad Mythenquai,109,4391,4500
2026-08-31 14:00:06,seb6947,Strandbad Tiefenbrunnen,82,3418,3500
2026-08-31 14:00:06,seb6948,Strandbad Wollishofen,10,690,700
2026-08-31 14:00:06,SSD-5,Waermebad Kaeferberg,13,57,70
2026-08-31 14:14:26,BADI-1,Enge,72,348,420
2026-08-31 14:14:26,flb6939,Flussbad Oberer Letten,50,1150,1200
2026-08-31 14:14:26,flb6940,Flussbad Unterer Letten,15,785,800
2026-08-31 14:14:26,flb8803,Flussbad Unterer Letten (Flussteil),27,773,800
2026-08-31 14:14:26,flb6941,Frauenbad Stadthausquai,41,309,350
2026-08-31 14:14:26,fb006,Freibad Allenmoos,79,7421,7500
2026-08-31 14:14:26,fb008,Freibad Auhof,28,1973,2001
2026-08-31 14:14:26,fb012,Freibad Heuried,55,2545,2600
2026-08-31 14:14:26,LETZI-1,Freibad Letzigraben,60,3740,3800
2026-08-31 14:14:26,SSD-11,Freibad Seebach,19,1981,2000
2026-08-31 14:14:26,fb018,Freibad Zwischen den Hölzern,42,1958,2000
2026-08-31 14:14:26,SSD-2,Hallenbad Blaesi,25,45,70
2026-08-31 14:14:26,SSD-3,Hallenbad Bungertwies,52,-24,28
2026-08-31 14:14:26,SSD-4,Hallenbad City,74,146,220
2026-08-31 14:14:26,SSD-6,Hallenbad Leimbach,54,26,80
2026-08-31 14:14:26,SSD-7,Hallenbad Oerlikon,90,110,200
2026-08-31 14:14:26,SSD-10,Seebad Utoquai,119,681,800
2026-08-31 14:14:26,seb6946,Strandbad Mythenquai,117,4383,4500
2026-08-31 14:14:26,seb6947,Strandbad Tiefenbrunnen,93,3407,3500
2026-08-31 14:14:26,seb6948,Strandbad Wollishofen,9,691,700
2026-08-31 14:14:26,SSD-5,Waermebad Kaeferberg,14,56,70
2026-08-31 14:15:11,BADI-1,Enge,72,348,420
2026-08-31 14:15:11,flb6939,Flussbad Oberer Letten,50,1150,1200
2026-08-31 14:15:11,flb6940,Flussbad Unterer Letten,13,787,800
2026-08-31 14:15:11,flb8803,Flussbad Unterer Letten (Flussteil),28,772,800
2026-08-31 14:15:11,flb6941,Frauenbad Stadthausquai,43,307,350
2026-08-31 14:15:11,fb006,Freibad Allenmoos,78,7422,7500
2026-08-31 14:15:11,fb008,Freibad Auhof,28,1973,2001
2026-08-31 14:15:11,fb012,Freibad Heuried,55,2545,2600
2026-08-31 14:15:11,LETZI-1,Freibad Letzigraben,60,3740,3800
2026-08-31 14:15:11,SSD-11,Freibad Seebach,19,1981,2000
2026-08-31 14:15:11,fb018,Freibad Zwischen den Hölzern,42,1958,2000
2026-08-31 14:15:11,SSD-2,Hallenbad Blaesi,25,45,70
2026-08-31 14:15:11,SSD-3,Hallenbad Bungertwies,52,-24,28
2026-08-31 14:15:11,SSD-4,Hallenbad City,75,145,220
2026-08-31 14:15:11,SSD-6,Hallenbad Leimbach,51,29,80
2026-08-31 14:15:11,SSD-7,Hallenbad Oerlikon,90,110,200
2026-08-31 14:15:11,SSD-10,Seebad Utoquai,119,681,800
2026-08-31 14:15:11,seb6946,Strandbad Mythenquai,115,4385,4500
2026-08-31 14:15:11,seb6947,Strandbad Tiefenbrunnen,95,3405,3500
2026-08-31 14:15:11,seb6948,Strandbad Wollishofen,9,691,700
2026-08-31 14:15:11,SSD-5,Waermebad Kaeferberg,14,56,70
2026-08-31 14:29:28,BADI-1,Enge,80,340,420
2026-08-31 14:29:28,flb6939,Flussbad Oberer Letten,53,1147,1200
2026-08-31 14:29:28,flb6940,Flussbad Unterer Letten,20,780,800
2026-08-31 14:29:28,flb8803,Flussbad Unterer Letten (Flussteil),34,766,800
2026-08-31 14:29:28,flb6941,Frauenbad Stadthausquai,53,297,350
2026-08-31 14:29:28,fb006,Freibad Allenmoos,83,7417,7500
2026-08-31 14:29:28,fb008,Freibad Auhof,28,1973,2001
2026-08-31 14:29:28,fb012,Freibad Heuried,58,2542,2600
2026-08-31 14:29:28,LETZI-1,Freibad Letzigraben,68,3732,3800
2026-08-31 14:29:28,SSD-11,Freibad Seebach,18,1982,2000
2026-08-31 14:29:28,fb018,Freibad Zwischen den Hölzern,42,1958,2000
2026-08-31 14:29:28,SSD-2,Hallenbad Blaesi,31,39,70
2026-08-31 14:29:28,SSD-3,Hallenbad Bungertwies,45,-17,28
2026-08-31 14:29:28,SSD-4,Hallenbad City,93,127,220
2026-08-31 14:29:28,SSD-6,Hallenbad Leimbach,38,42,80
2026-08-31 14:29:28,SSD-7,Hallenbad Oerlikon,67,133,200
2026-08-31 14:29:28,SSD-10,Seebad Utoquai,119,681,800
2026-08-31 14:29:28,seb6946,Strandbad Mythenquai,124,4376,4500
2026-08-31 14:29:28,seb6947,Strandbad Tiefenbrunnen,123,3377,3500
2026-08-31 14:29:28,seb6948,Strandbad Wollishofen,10,690,700
2026-08-31 14:29:28,SSD-5,Waermebad Kaeferberg,19,51,70
2026-08-31 14:30:04,BADI-1,Enge,80,340,420
2026-08-31 14:30:04,flb6939,Flussbad Oberer Letten,53,1147,1200
2026-08-31 14:30:04,flb6940,Flussbad Unterer Letten,20,780,800
2026-08-31 14:30:04,flb8803,Flussbad Unterer Letten (Flussteil),35,765,800
2026-08-31 14:30:04,flb6941,Frauenbad Stadthausquai,55,295,350
2026-08-31 14:30:04,fb006,Freibad Allenmoos,83,7417,7500
2026-08-31 14:30:04,fb008,Freibad Auhof,28,1973,2001
2026-08-31 14:30:04,fb012,Freibad Heuried,58,2542,2600
2026-08-31 14:30:04,LETZI-1,Freibad Letzigraben,68,3732,3800
2026-08-31 14:30:04,SSD-11,Freibad Seebach,18,1982,2000
2026-08-31 14:30:04,fb018,Freibad Zwischen den Hölzern,42,1958,2000
2026-08-31 14:30:04,SSD-2,Hallenbad Blaesi,30,40,70
2026-08-31 14:30:04,SSD-3,Hallenbad Bungertwies,43,-15,28
2026-08-31 14:30:04,SSD-4,Hallenbad City,94,126,220
2026-08-31 14:30:04,SSD-6,Hallenbad Leimbach,38,42,80
2026-08-31 14:30:04,SSD-7,Hallenbad Oerlikon,67,133,200
2026-08-31 14:30:04,SSD-10,Seebad Utoquai,120,680,800
2026-08-31 14:30:04,seb6946,Strandbad Mythenquai,124,4376,4500
2026-08-31 14:30:04,seb6947,Strandbad Tiefenbrunnen,123,3377,3500
2026-08-31 14:30:04,seb6948,Strandbad Wollishofen,10,690,700
2026-08-31 14:30:04,SSD-5,Waermebad Kaeferberg,18,52,70
2026-08-31 14:44:22,BADI-1,Enge,80,340,420
2026-08-31 14:44:22,flb6939,Flussbad Oberer Letten,61,1139,1200
2026-08-31 14:44:22,flb6940,Flussbad Unterer Letten,25,775,800
2026-08-31 14:44:22,flb8803,Flussbad Unterer Letten (Flussteil),41,759,800
2026-08-31 14:44:22,flb6941,Frauenbad Stadthausquai,55,295,350
2026-08-31 14:44:22,fb006,Freibad Allenmoos,87,7413,7500
2026-08-31 14:44:22,fb008,Freibad Auhof,31,1970,2001
2026-08-31 14:44:22,fb012,Freibad Heuried,65,2535,2600
2026-08-31 14:44:22,LETZI-1,Freibad Letzigraben,68,3732,3800
2026-08-31 14:44:22,SSD-11,Freibad Seebach,31,1969,2000
2026-08-31 14:44:22,fb018,Freibad Zwischen den Hölzern,40,1960,2000
2026-08-31 14:44:22,SSD-2,Hallenbad Blaesi,35,35,70
2026-08-31 14:44:22,SSD-3,Hallenbad Bungertwies,27,1,28
2026-08-31 14:44:22,SSD-4,Hallenbad City,96,124,220
2026-08-31 14:44:22,SSD-6,Hallenbad Leimbach,39,41,80
2026-08-31 14:44:22,SSD-7,Hallenbad Oerlikon,74,126,200
2026-08-31 14:44:22,SSD-10,Seebad Utoquai,123,677,800
2026-08-31 14:44:22,seb6946,Strandbad Mythenquai,122,4378,4500
2026-08-31 14:44:22,seb6947,Strandbad Tiefenbrunnen,143,3357,3500
2026-08-31 14:44:22,seb6948,Strandbad Wollishofen,15,685,700
2026-08-31 14:44:22,SSD-5,Waermebad Kaeferberg,15,55,70
2026-08-31 14:45:05,BADI-1,Enge,80,340,420
2026-08-31 14:45:05,flb6939,Flussbad Oberer Letten,61,1139,1200
2026-08-31 14:45:05,flb6940,Flussbad Unterer Letten,25,775,800
2026-08-31 14:45:05,flb8803,Flussbad Unterer Letten (Flussteil),41,759,800
2026-08-31 14:45:05,flb6941,Frauenbad Stadthausquai,55,295,350
2026-08-31 14:45:05,fb006,Freibad Allenmoos,88,7412,7500
2026-08-31 14:45:05,fb008,Freibad Auhof,31,1970,2001
2026-08-31 14:45:05,fb012,Freibad Heuried,65,2535,2600
2026-08-31 14:45:05,LETZI-1,Freibad Letzigraben,68,3732,3800
2026-08-31 14:45:05,SSD-11,Freibad Seebach,32,1968,2000
2026-08-31 14:45:05,fb018,Freibad Zwischen den Hölzern,40,1960,2000
2026-08-31 14:45:05,SSD-2,Hallenbad Blaesi,34,36,70
2026-08-31 14:45:05,SSD-3,Hallenbad Bungertwies,27,1,28
2026-08-31 14:45:05,SSD-4,Hallenbad City,98,122,220
2026-08-31 14:45:05,SSD-6,Hallenbad Leimbach,39,41,80
2026-08-31 14:45:05,SSD-7,Hallenbad Oerlikon,74,126,200
2026-08-31 14:45:05,SSD-10,Seebad Utoquai,124,676,800
2026-08-31 14:45:05,seb6946,Strandbad Mythenquai,122,4378,4500
2026-08-31 14:45:05,seb6947,Strandbad Tiefenbrunnen,143,3357,3500
2026-08-31 14:45:05,seb6948,Strandbad Wollishofen,15,685,700
2026-08-31 14:45:05,SSD-5,Waermebad Kaeferberg,15,55,70
2026-08-31 14:59:20,BADI-1,Enge,80,340,420
2026-08-31 14:59:20,flb6939,Flussbad Oberer Letten,78,1122,1200
2026-08-31 14:59:20,flb6940,Flussbad Unterer Letten,29,771,800
2026-08-31 14:59:20,flb8803,Flussbad Unterer Letten (Flussteil),51,749,800
2026-08-31 14:59:20,flb6941,Frauenbad Stadthausquai,61,289,350
2026-08-31 14:59:20,fb006,Freibad Allenmoos,89,7411,7500
2026-08-31 14:59:20,fb008,Freibad Auhof,18,1983,2001
2026-08-31 14:59:20,fb012,Freibad Heuried,69,2531,2600
2026-08-31 14:59:20,LETZI-1,Freibad Letzigraben,77,3723,3800
2026-08-31 14:59:20,SSD-11,Freibad Seebach,46,1954,2000
2026-08-31 14:59:20,fb018,Freibad Zwischen den Hölzern,43,1957,2000
2026-08-31 14:59:20,SSD-2,Hallenbad Blaesi,24,46,70
2026-08-31 14:59:20,SSD-3,Hallenbad Bungertwies,28,0,28
2026-08-31 14:59:20,SSD-4,Hallenbad City,76,144,220
2026-08-31 14:59:20,SSD-6,Hallenbad Leimbach,36,44,80
2026-08-31 14:59:20,SSD-7,Hallenbad Oerlikon,79,121,200
2026-08-31 14:59:20,SSD-10,Seebad Utoquai,142,658,800
2026-08-31 14:59:20,seb6946,Strandbad Mythenquai,130,4370,4500
2026-08-31 14:59:20,seb6947,Strandbad Tiefenbrunnen,147,3353,3500
2026-08-31 14:59:20,seb6948,Strandbad Wollishofen,15,685,700
2026-08-31 14:59:20,SSD-5,Waermebad Kaeferberg,15,55,70
2026-08-31 15:00:04,BADI-1,Enge,79,341,420
2026-08-31 15:00:04,flb6939,Flussbad Oberer Letten,82,1118,1200
2026-08-31 15:00:04,flb6940,Flussbad Unterer Letten,30,770,800
2026-08-31 15:00:04,flb8803,Flussbad Unterer Letten (Flussteil),51,749,800
2026-08-31 15:00:04,flb6941,Frauenbad Stadthausquai,59,291,350
2026-08-31 15:00:04,fb006,Freibad Allenmoos,89,7411,7500
2026-08-31 15:00:04,fb008,Freibad Auhof,18,1983,2001
2026-08-31 15:00:04,fb012,Freibad Heuried,68,2532,2600
2026-08-31 15:00:04,LETZI-1,Freibad Letzigraben,77,3723,3800
2026-08-31 15:00:04,SSD-11,Freibad Seebach,47,1953,2000
2026-08-31 15:00:04,fb018,Freibad Zwischen den Hölzern,43,1957,2000
2026-08-31 15:00:04,SSD-2,Hallenbad Blaesi,24,46,70
2026-08-31 15:00:04,SSD-3,Hallenbad Bungertwies,28,0,28
2026-08-31 15:00:04,SSD-4,Hallenbad City,76,144,220
2026-08-31 15:00:04,SSD-6,Hallenbad Leimbach,35,45,80
2026-08-31 15:00:04,SSD-7,Hallenbad Oerlikon,79,121,200
2026-08-31 15:00:04,SSD-10,Seebad Utoquai,146,654,800
2026-08-31 15:00:04,seb6946,Strandbad Mythenquai,130,4370,4500
2026-08-31 15:00:04,seb6947,Strandbad Tiefenbrunnen,150,3350,3500
2026-08-31 15:00:04,seb6948,Strandbad Wollishofen,15,685,700
2026-08-31 15:00:04,SSD-5,Waermebad Kaeferberg,15,55,70
2026-08-31 15:14:22,BADI-1,Enge,81,339,420
2026-08-31 15:14:22,flb6939,Flussbad Oberer Letten,90,1110,1200
2026-08-31 15:14:22,flb6940,Flussbad Unterer Letten,43,757,800
2026-08-31 15:14:22,flb8803,Flussbad Unterer Letten (Flussteil),59,741,800
2026-08-31 15:14:22,flb6941,Frauenbad Stadthausquai,61,289,350
2026-08-31 15:14:22,fb006,Freibad Allenmoos,91,7409,7500
2026-08-31 15:14:22,fb008,Freibad Auhof,24,1977,2001
2026-08-31 15:14:22,fb012,Freibad Heuried,68,2532,2600
2026-08-31 15:14:22,LETZI-1,Freibad Letzigraben,86,3714,3800
2026-08-31 15:14:22,SSD-11,Freibad Seebach,48,1952,2000
2026-08-31 15:14:22,fb018,Freibad Zwischen den Hölzern,46,1954,2000
2026-08-31 15:14:22,SSD-2,Hallenbad Blaesi,22,48,70
2026-08-31 15:14:22,SSD-3,Hallenbad Bungertwies,23,5,28
2026-08-31 15:14:22,SSD-4,Hallenbad City,76,144,220
2026-08-31 15:14:22,SSD-6,Hallenbad Leimbach,16,64,80
2026-08-31 15:14:22,SSD-7,Hallenbad Oerlikon,72,128,200
2026-08-31 15:14:22,SSD-10,Seebad Utoquai,157,643,800
2026-08-31 15:14:22,seb6946,Strandbad Mythenquai,137,4363,4500
2026-08-31 15:14:22,seb6947,Strandbad Tiefenbrunnen,162,3338,3500
2026-08-31 15:14:22,seb6948,Strandbad Wollishofen,17,683,700
2026-08-31 15:14:22,SSD-5,Waermebad Kaeferberg,10,60,70
2026-08-31 15:15:04,BADI-1,Enge,82,338,420
2026-08-31 15:15:04,flb6939,Flussbad Oberer Letten,92,1108,1200
2026-08-31 15:15:04,flb6940,Flussbad Unterer Letten,44,756,800
2026-08-31 15:15:04,flb8803,Flussbad Unterer Letten (Flussteil),60,740,800
2026-08-31 15:15:04,flb6941,Frauenbad Stadthausquai,62,288,350
2026-08-31 15:15:04,fb006,Freibad Allenmoos,90,7410,7500
2026-08-31 15:15:04,fb008,Freibad Auhof,24,1977,2001
2026-08-31 15:15:04,fb012,Freibad Heuried,69,2531,2600
2026-08-31 15:15:04,LETZI-1,Freibad Letzigraben,87,3713,3800
2026-08-31 15:15:04,SSD-11,Freibad Seebach,48,1952,2000
2026-08-31 15:15:04,fb018,Freibad Zwischen den Hölzern,46,1954,2000
2026-08-31 15:15:04,SSD-2,Hallenbad Blaesi,22,48,70
2026-08-31 15:15:04,SSD-3,Hallenbad Bungertwies,22,6,28
2026-08-31 15:15:04,SSD-4,Hallenbad City,77,143,220
2026-08-31 15:15:04,SSD-6,Hallenbad Leimbach,15,65,80
2026-08-31 15:15:04,SSD-7,Hallenbad Oerlikon,71,129,200
2026-08-31 15:15:04,SSD-10,Seebad Utoquai,157,643,800
2026-08-31 15:15:04,seb6946,Strandbad Mythenquai,138,4362,4500
2026-08-31 15:15:04,seb6947,Strandbad Tiefenbrunnen,163,3337,3500
2026-08-31 15:15:04,seb6948,Strandbad Wollishofen,17,683,700
2026-08-31 15:15:04,SSD-5,Waermebad Kaeferberg,10,60,70
2026-08-31 15:29:22,BADI-1,Enge,76,344,420
2026-08-31 15:29:22,flb6939,Flussbad Oberer Letten,96,1104,1200
2026-08-31 15:29:22,flb6940,Flussbad Unterer Letten,55,745,800
2026-08-31 15:29:22,flb8803,Flussbad Unterer Letten (Flussteil),65,735,800
2026-08-31 15:29:22,flb6941,Frauenbad Stadthausquai,62,288,350
2026-08-31 15:29:22,fb006,Freibad Allenmoos,96,7404,7500
2026-08-31 15:29:22,fb008,Freibad Auhof,21,1980,2001
2026-08-31 15:29:22,fb012,Freibad Heuried,70,2530,2600
2026-08-31 15:29:22,LETZI-1,Freibad Letzigraben,106,3694,3800
2026-08-31 15:29:22,SSD-11,Freibad Seebach,50,1950,2000
2026-08-31 15:29:22,fb018,Freibad Zwischen den Hölzern,46,1954,2000
2026-08-31 15:29:22,SSD-2,Hallenbad Blaesi,23,47,70
2026-08-31 15:29:22,SSD-3,Hallenbad Bungertwies,2,26,28
2026-08-31 15:29:22,SSD-4,Hallenbad City,50,170,220
2026-08-31 15:29:22,SSD-6,Hallenbad Leimbach,15,65,80
2026-08-31 15:29:22,SSD-7,Hallenbad Oerlikon,33,167,200
2026-08-31 15:29:22,SSD-10,Seebad Utoquai,160,640,800
2026-08-31 15:29:22,seb6946,Strandbad Mythenquai,138,4362,4500
2026-08-31 15:29:22,seb6947,Strandbad Tiefenbrunnen,162,3338,3500
2026-08-31 15:29:22,seb6948,Strandbad Wollishofen,18,682,700
2026-08-31 15:29:22,SSD-5,Waermebad Kaeferberg,17,53,70
2026-08-31 15:30:11,BADI-1,Enge,78,342,420
2026-08-31 15:30:11,flb6939,Flussbad Oberer Letten,99,1101,1200
2026-08-31 15:30:11,flb6940,Flussbad Unterer Letten,55,745,800
2026-08-31 15:30:11,flb8803,Flussbad Unterer Letten (Flussteil),67,733,800
2026-08-31 15:30:11,flb6941,Frauenbad Stadthausquai,62,288,350
2026-08-31 15:30:11,fb006,Freibad Allenmoos,96,7404,7500
2026-08-31 15:30:11,fb008,Freibad Auhof,20,1981,2001
2026-08-31 15:30:11,fb012,Freibad Heuried,71,2529,2600
2026-08-31 15:30:11,LETZI-1,Freibad Letzigraben,106,3694,3800
2026-08-31 15:30:11,SSD-11,Freibad Seebach,50,1950,2000
2026-08-31 15:30:11,fb018,Freibad Zwischen den Hölzern,46,1954,2000
2026-08-31 15:30:11,SSD-2,Hallenbad Blaesi,23,47,70
2026-08-31 15:30:11,SSD-3,Hallenbad Bungertwies,2,26,28
2026-08-31 15:30:11,SSD-4,Hallenbad City,50,170,220
2026-08-31 15:30:11,SSD-6,Hallenbad Leimbach,15,65,80
2026-08-31 15:30:11,SSD-7,Hallenbad Oerlikon,34,166,200
2026-08-31 15:30:11,SSD-10,Seebad Utoquai,161,639,800
2026-08-31 15:30:11,seb6946,Strandbad Mythenquai,140,4360,4500
2026-08-31 15:30:11,seb6947,Strandbad Tiefenbrunnen,163,3337,3500
2026-08-31 15:30:11,seb6948,Strandbad Wollishofen,18,682,700
2026-08-31 15:30:11,SSD-5,Waermebad Kaeferberg,17,53,70
2026-08-31 15:44:30,BADI-1,Enge,90,330,420
2026-08-31 15:44:30,flb6939,Flussbad Oberer Letten,111,1089,1200
2026-08-31 15:44:30,flb6940,Flussbad Unterer Letten,60,740,800
2026-08-31 15:44:30,flb8803,Flussbad Unterer Letten (Flussteil),69,731,800
2026-08-31 15:44:30,flb6941,Frauenbad Stadthausquai,67,283,350
2026-08-31 15:44:30,fb006,Freibad Allenmoos,75,7425,7500
2026-08-31 15:44:30,fb008,Freibad Auhof,35,1966,2001
2026-08-31 15:44:30,fb012,Freibad Heuried,81,2519,2600
2026-08-31 15:44:30,LETZI-1,Freibad Letzigraben,109,3691,3800
2026-08-31 15:44:30,SSD-11,Freibad Seebach,54,1946,2000
2026-08-31 15:44:30,fb018,Freibad Zwischen den Hölzern,49,1951,2000
2026-08-31 15:44:30,SSD-2,Hallenbad Blaesi,20,50,70
2026-08-31 15:44:30,SSD-3,Hallenbad Bungertwies,3,25,28
2026-08-31 15:44:30,SSD-4,Hallenbad City,45,175,220
2026-08-31 15:44:30,SSD-6,Hallenbad Leimbach,22,58,80
2026-08-31 15:44:30,SSD-7,Hallenbad Oerlikon,40,160,200
2026-08-31 15:44:30,SSD-10,Seebad Utoquai,163,637,800
2026-08-31 15:44:30,seb6946,Strandbad Mythenquai,144,4356,4500
2026-08-31 15:44:30,seb6947,Strandbad Tiefenbrunnen,165,3335,3500
2026-08-31 15:44:30,seb6948,Strandbad Wollishofen,17,683,700
2026-08-31 15:44:30,SSD-5,Waermebad Kaeferberg,10,60,70
